user_id,b1_cos_sim,b2_cos_sim
120786,0.6037539839744568,0.5579221844673157
22926,0.6160404086112976,0.5621780157089233
76256,0.6140050292015076,0.5526769161224365
144833,0.6727458834648132,0.7231199145317078
56085,0.6123386025428772,0.5789945125579834
160559,0.6237263083457947,0.6077001094818115
29596,0.6259590983390808,0.5982313752174377
49531,0.6017839908599854,0.5732885599136353
164361,0.6354077458381653,0.5959357619285583
140839,0.6510911583900452,0.6407796144485474
106647,0.6405320763587952,0.6163823008537292
41722,0.6390729546546936,0.6609365940093994
168223,0.5845662951469421,0.5846864581108093
12477,0.6209207773208618,0.5934856534004211
163167,0.6563929915428162,0.6654241681098938
124566,0.6198347210884094,0.5846847891807556
118961,0.60809725522995,0.5678164958953857
174416,0.5951299071311951,0.6312559843063354
134348,0.6289857625961304,0.5834395885467529
58648,0.667917788028717,0.7004383206367493
108195,0.5732101202011108,0.5801249146461487
95083,0.6152126789093018,0.6126602292060852
181765,0.661523699760437,0.6709936261177063
30213,0.6032845973968506,0.5530518293380737
114261,0.6605027914047241,0.6558548212051392
195892,0.6182817220687866,0.5937132239341736
147785,0.6364521384239197,0.5811690092086792
33914,0.611890435218811,0.5954293012619019
197857,0.635645866394043,0.6096841096878052
60952,0.6125451922416687,0.6177877187728882
111381,0.6167190074920654,0.5781658887863159
145047,0.6028540134429932,0.54210364818573
95174,0.6131728887557983,0.582563579082489
107247,0.6156295537948608,0.6014881134033203
82607,0.6456326246261597,0.6279411315917969
145136,0.6047608852386475,0.5474913120269775
47755,0.6198826432228088,0.6122863292694092
168033,0.6187498569488525,0.5989238619804382
98213,0.6186105608940125,0.587478756904602
158767,0.6336540579795837,0.6159564256668091
63465,0.651777982711792,0.6561403870582581
129220,0.6444722414016724,0.6218246817588806
121938,0.6283766627311707,0.5917770266532898
49750,0.6078540086746216,0.5523228049278259
21943,0.6036362051963806,0.5839996933937073
5598,0.6301988959312439,0.6059911847114563
95498,0.571038544178009,0.5437201857566833
187796,0.62422114610672,0.6099347472190857
3267,0.6019216179847717,0.5828792452812195
53153,0.5987273454666138,0.5664286017417908
162199,0.6226606369018555,0.5865819454193115
165581,0.608684241771698,0.5652465224266052
88776,0.5904054641723633,0.5625181794166565
54127,0.6475239396095276,0.6175425052642822
174329,0.6129411458969116,0.5614891052246094
108856,0.6233749985694885,0.6166396737098694
164105,0.6312816739082336,0.7122185230255127
182446,0.648760199546814,0.6304211020469666
24297,0.6472360491752625,0.6167141199111938
177455,0.5959048867225647,0.5382581949234009
18008,0.62362140417099,0.6175272464752197
131923,0.6205552816390991,0.602243185043335
121755,0.5931994915008545,0.5783129930496216
199622,0.6004122495651245,0.5627571940422058
132481,0.6200121641159058,0.6113786697387695
135025,0.599600076675415,0.5499910712242126
178763,0.6238871216773987,0.5728628635406494
182743,0.6337018609046936,0.589225172996521
49758,0.6381269097328186,0.6126672029495239
17323,0.6053048372268677,0.580916166305542
87537,0.645332932472229,0.6361105442047119
141903,0.6512817740440369,0.6291816830635071
42177,0.6039115190505981,0.5520703196525574
5448,0.6155996322631836,0.5864986777305603
201227,0.6425040364265442,0.643540620803833
89655,0.628174364566803,0.5838394165039062
101189,0.6352074146270752,0.6525527834892273
32495,0.655242919921875,0.6457708477973938
48475,0.61130291223526,0.5551154017448425
53854,0.6314973831176758,0.6445187330245972
47827,0.6256176233291626,0.6417151093482971
180190,0.6150380373001099,0.5680495500564575
149067,0.5982200503349304,0.5732414722442627
145186,0.636229395866394,0.6168957352638245
186253,0.6409384608268738,0.6467623114585876
158386,0.5905283093452454,0.5977484583854675
148181,0.6520937085151672,0.632527768611908
158631,0.6095349788665771,0.5788425803184509
83265,0.6549666523933411,0.6615197658538818
50987,0.6272310018539429,0.5934427976608276
203717,0.6599624752998352,0.6385610699653625
93621,0.633217453956604,0.6815172433853149
70240,0.6007851958274841,0.567223310470581
103518,0.6233989596366882,0.5979788899421692
46263,0.663707971572876,0.7007748484611511
139254,0.6316805481910706,0.5708354711532593
174607,0.6301149129867554,0.5846235156059265
153943,0.6536567807197571,0.6982378363609314
200041,0.591914176940918,0.5786256790161133
4440,0.6428325772285461,0.6405027508735657
152909,0.620155394077301,0.5684587359428406
15763,0.6205800771713257,0.5861086249351501
119249,0.6239560842514038,0.6035969257354736
159481,0.6312389969825745,0.6554347276687622
67922,0.6305357217788696,0.5980173945426941
61237,0.6154016256332397,0.5780617594718933
186771,0.5901238918304443,0.5786915421485901
171273,0.6160125136375427,0.5798692107200623
155467,0.6029573678970337,0.604628324508667
77572,0.5946206450462341,0.5532315969467163
124688,0.608244776725769,0.5939971208572388
193541,0.6450608968734741,0.6612482666969299
170681,0.6291652917861938,0.5963079333305359
112706,0.6279836297035217,0.6070230603218079
102155,0.6129555106163025,0.5841783285140991
147520,0.6098079681396484,0.5670728087425232
171960,0.6030347943305969,0.5520515441894531
203655,0.5870237946510315,0.5653827786445618
152194,0.5961183905601501,0.574845552444458
16342,0.5831242203712463,0.5415295362472534
156884,0.604836106300354,0.591653048992157
196583,0.6579129099845886,0.665810763835907
158994,0.642530620098114,0.6313347220420837
171743,0.6430761814117432,0.608482301235199
183198,0.6339780688285828,0.6336964964866638
55403,0.6245529651641846,0.5988777875900269
138486,0.6457986831665039,0.6503207683563232
173784,0.6328266263008118,0.6482766270637512
157672,0.6470693349838257,0.6489034295082092
36331,0.6147582530975342,0.5687421560287476
7946,0.6543790698051453,0.6756699085235596
107832,0.622340202331543,0.5888906121253967
74523,0.6154680848121643,0.5828007459640503
1188,0.581694483757019,0.5215383768081665
27734,0.6238052248954773,0.5927095413208008
175780,0.5866289734840393,0.6135055422782898
72423,0.6299370527267456,0.6255376935005188
46639,0.6456184983253479,0.6244627237319946
3316,0.6346522569656372,0.6413460373878479
59231,0.6711235046386719,0.6991926431655884
9015,0.6104904413223267,0.5546098351478577
7707,0.5935755372047424,0.5843074321746826
115387,0.621879518032074,0.5949257612228394
27891,0.5966170430183411,0.5665303468704224
65340,0.5965155363082886,0.5688973665237427
1882,0.6383740901947021,0.6268271207809448
71196,0.6575535535812378,0.6821973323822021
138450,0.6074107885360718,0.6088929772377014
155641,0.63918137550354,0.6155309677124023
83474,0.6205587983131409,0.5879580974578857
182986,0.6369508504867554,0.6007032990455627
147674,0.6067461371421814,0.5829574465751648
123471,0.6396640539169312,0.6252830624580383
95934,0.6063279509544373,0.5598323941230774
138073,0.5965811610221863,0.5477914810180664
93660,0.6147614121437073,0.5735066533088684
163729,0.6537980437278748,0.6327468156814575
110867,0.5806637406349182,0.5863310694694519
170475,0.616278886795044,0.5763789415359497
176820,0.633837878704071,0.5906941890716553
106992,0.6489920020103455,0.6292766332626343
98080,0.6106341481208801,0.5956081748008728
89280,0.6202460527420044,0.57582688331604
6106,0.647786021232605,0.6542608141899109
76454,0.6376697421073914,0.6540117263793945
173822,0.6123377680778503,0.5795839428901672
144094,0.6062237024307251,0.5721490979194641
173244,0.6329200267791748,0.6130079627037048
199153,0.6168023347854614,0.5988098978996277
182800,0.6138395071029663,0.5666208267211914
98604,0.6120520830154419,0.5987092852592468
76743,0.6256990432739258,0.590198814868927
183238,0.5978476405143738,0.5681636333465576
176810,0.5849246978759766,0.5448542833328247
191808,0.652276873588562,0.6488175988197327
52285,0.6435731649398804,0.6267577409744263
115134,0.6331421732902527,0.63655024766922
194264,0.6382980942726135,0.6083120107650757
30313,0.6408328413963318,0.6344177722930908
104615,0.6100727915763855,0.6019937992095947
123513,0.6590775847434998,0.7137771248817444
153840,0.6264240741729736,0.6116653084754944
39877,0.6056432127952576,0.5821049213409424
120599,0.6043943166732788,0.5766960978507996
2419,0.6255330443382263,0.5916378498077393
58809,0.5970728993415833,0.5316634178161621
108751,0.6076005697250366,0.574970543384552
50567,0.6447622776031494,0.637212336063385
99057,0.6201130151748657,0.6034547090530396
204388,0.6435060501098633,0.6411037445068359
159759,0.603296160697937,0.539781928062439
35651,0.6303688883781433,0.5751296877861023
103464,0.60321044921875,0.5748592019081116
26209,0.6397669315338135,0.6187292337417603
40096,0.6506255865097046,0.6162099838256836
202290,0.6008971333503723,0.5222870707511902
70045,0.6053206324577332,0.5728591680526733
139651,0.6914671063423157,0.6826192736625671
108367,0.6462237238883972,0.6377989053726196
117033,0.649152934551239,0.632663369178772
115644,0.6318789124488831,0.6057215332984924
70371,0.60335373878479,0.5575992465019226
23169,0.6110556721687317,0.6186332702636719
162868,0.621460497379303,0.5986856818199158
126717,0.6117810606956482,0.583088755607605
52562,0.6495024561882019,0.627300500869751
131670,0.6014432311058044,0.5692922472953796
1610,0.6016282439231873,0.574167788028717
119625,0.5934419631958008,0.5425570607185364
158331,0.6005111932754517,0.5508346557617188
31822,0.6390559673309326,0.6269062161445618
150619,0.6372063755989075,0.6404556632041931
56649,0.5873082280158997,0.6147546172142029
105444,0.6255046725273132,0.6116349697113037
17910,0.5855885744094849,0.5387161374092102
17861,0.6371300220489502,0.6153791546821594
9397,0.6319066882133484,0.5613979697227478
77650,0.6025876402854919,0.555895984172821
31226,0.6166767477989197,0.5734487175941467
88803,0.6432540416717529,0.6423321962356567
85334,0.6461688876152039,0.6311060786247253
130499,0.608844518661499,0.6031079888343811
170809,0.6289776563644409,0.6167981028556824
118883,0.6374709606170654,0.6514660120010376
51002,0.6403017044067383,0.6000430583953857
131478,0.6418272256851196,0.6419220566749573
39416,0.6143285632133484,0.6062418222427368
107325,0.6454663872718811,0.6392271518707275
50034,0.6226593852043152,0.5949960350990295
89197,0.6084983348846436,0.582687497138977
203117,0.6365953087806702,0.6316896080970764
64423,0.5905463695526123,0.5627405643463135
119459,0.6084132790565491,0.5762468576431274
7879,0.6470276117324829,0.6407285332679749
40295,0.6218878030776978,0.5909572839736938
142388,0.651215672492981,0.6669314503669739
179439,0.6211406588554382,0.5943451523780823
1828,0.598023533821106,0.5360677242279053
10189,0.6141684651374817,0.5701218247413635
34688,0.624546229839325,0.5766798257827759
24529,0.6424769163131714,0.628388524055481
198574,0.6520463824272156,0.6459982991218567
106401,0.6193292140960693,0.5901021957397461
182584,0.5916110277175903,0.5782938599586487
121120,0.6222380995750427,0.6407266855239868
91505,0.6363725662231445,0.6602761149406433
82758,0.6233298778533936,0.6152235269546509
150735,0.5903085470199585,0.628402054309845
176813,0.6235219836235046,0.5990886688232422
93964,0.627556562423706,0.592206597328186
188429,0.6145046353340149,0.5629297494888306
163498,0.5918415784835815,0.5516511797904968
62777,0.6734086871147156,0.7149673104286194
106234,0.6215673685073853,0.5572233200073242
119060,0.6111148595809937,0.539223849773407
159958,0.6031486988067627,0.5486049056053162
191669,0.616407036781311,0.5884076356887817
53483,0.617306649684906,0.6190977692604065
94644,0.6188690066337585,0.5857571363449097
152786,0.5532087683677673,0.5267083048820496
115762,0.6168873906135559,0.5815466642379761
118655,0.637533962726593,0.6074759364128113
55674,0.5903624892234802,0.5280454158782959
58339,0.629384458065033,0.6169162392616272
205148,0.6313679218292236,0.5920942425727844
2729,0.632618248462677,0.6297492980957031
125748,0.5710923075675964,0.5957061052322388
199915,0.6430088877677917,0.6234375238418579
204412,0.5946340560913086,0.6348823308944702
194753,0.6441391110420227,0.6377133727073669
120013,0.6172588467597961,0.6015640497207642
63097,0.617141842842102,0.5684165954589844
185955,0.6142346858978271,0.5433081984519958
34617,0.632742166519165,0.6124141216278076
49883,0.6039410829544067,0.5632296204566956
191085,0.6096600890159607,0.5893663763999939
96143,0.5851282477378845,0.5427465438842773
68053,0.619937539100647,0.5825660824775696
129003,0.6142966151237488,0.615121603012085
82457,0.6172676682472229,0.5915173292160034
118585,0.6369066834449768,0.661367654800415
113901,0.6561181545257568,0.6687350869178772
113699,0.6809502243995667,0.6633396148681641
25885,0.6304165720939636,0.6057296991348267
45349,0.616571307182312,0.5850751996040344
87168,0.6154143810272217,0.5933948755264282
61631,0.6561214327812195,0.6865193247795105
154522,0.6166921257972717,0.5848066806793213
93771,0.5986392498016357,0.5561196804046631
19649,0.6725736260414124,0.6915760040283203
58967,0.6540078520774841,0.6824384927749634
772,0.615179717540741,0.5780875086784363
130853,0.5967949628829956,0.5776970982551575
155349,0.6698216199874878,0.7134095430374146
55496,0.6414697170257568,0.6437475085258484
32197,0.6134939193725586,0.5579272508621216
184402,0.6301466822624207,0.6106489300727844
56018,0.6459654569625854,0.6875582933425903
84099,0.6223877668380737,0.6005915403366089
44487,0.6341589689254761,0.6640079021453857
105201,0.6603999733924866,0.659754753112793
203018,0.6256844401359558,0.612592339515686
56421,0.6247026920318604,0.5706536173820496
69083,0.6175079345703125,0.5884432196617126
25786,0.5862747430801392,0.5914955735206604
122818,0.6570821404457092,0.6337675452232361
26002,0.6217048764228821,0.5986019372940063
199707,0.6267978549003601,0.6556036472320557
189956,0.61815345287323,0.590157687664032
69991,0.6642439961433411,0.6450774669647217
164341,0.6476746201515198,0.6672326326370239
152638,0.6417971253395081,0.6207857728004456
179033,0.6495097875595093,0.6662603616714478
85685,0.6134270429611206,0.5874898433685303
122349,0.6537349224090576,0.6976853013038635
108185,0.6193143725395203,0.5778104066848755
181531,0.6060697436332703,0.5551028847694397
33012,0.6087962985038757,0.5794796347618103
131175,0.6184593439102173,0.6111438870429993
150859,0.6537288427352905,0.6654647588729858
129930,0.6659908890724182,0.6705291867256165
138337,0.596928596496582,0.5661237239837646
99369,0.6323678493499756,0.6057447195053101
140565,0.6408027410507202,0.648874819278717
125808,0.6322023868560791,0.6047065854072571
29378,0.6443029046058655,0.6978529095649719
119318,0.6352367997169495,0.6554268598556519
182049,0.6286429762840271,0.6008521914482117
9054,0.6327812671661377,0.6157283186912537
37199,0.5826922655105591,0.5498495697975159
98631,0.6336570382118225,0.6326436400413513
63603,0.615892767906189,0.5988181233406067
9598,0.6153242588043213,0.6196067929267883
127694,0.6386508941650391,0.631202757358551
181241,0.6040569543838501,0.5494336485862732
200249,0.6147984862327576,0.5813428163528442
184916,0.6261705160140991,0.6141440868377686
111176,0.641261875629425,0.6343043446540833
172002,0.6227734088897705,0.5908027291297913
95890,0.6135862469673157,0.5792086124420166
191730,0.64333575963974,0.6105519533157349
33648,0.6165390610694885,0.5901815295219421
69945,0.5970076322555542,0.5742205381393433
66055,0.6170054078102112,0.586900532245636
75888,0.6190536618232727,0.6063576936721802
956,0.6539045572280884,0.6538568735122681
10995,0.6472738981246948,0.6390638947486877
173117,0.622627854347229,0.5925570130348206
10775,0.6159167885780334,0.5780579447746277
73979,0.5814636945724487,0.586794912815094
95175,0.6075426340103149,0.5465824007987976
11271,0.6111196875572205,0.5689520239830017
31719,0.6328450441360474,0.6182130575180054
72121,0.6255727410316467,0.6130181550979614
105051,0.6486825346946716,0.6449461579322815
47433,0.6236525774002075,0.5883234739303589
77513,0.6050786375999451,0.582411527633667
180791,0.6276593804359436,0.5758165121078491
90136,0.5652162432670593,0.539119303226471
160895,0.6161937713623047,0.5892918705940247
32942,0.6390631198883057,0.6206459403038025
69716,0.6362807750701904,0.5923002362251282
150973,0.6403346657752991,0.6184595823287964
127966,0.6322348117828369,0.5778977870941162
158865,0.6102036237716675,0.5724260807037354
35991,0.649484395980835,0.6248817443847656
197737,0.6165809035301208,0.6116045713424683
81920,0.6087095141410828,0.5782865285873413
16092,0.6501076817512512,0.6500754952430725
191516,0.6227630376815796,0.5980689525604248
196701,0.6094061732292175,0.5869400501251221
15049,0.6282346248626709,0.6119836568832397
12892,0.6689282059669495,0.6963138580322266
201624,0.6033865213394165,0.5603084564208984
49597,0.6228834390640259,0.5627090930938721
37284,0.6344835162162781,0.6173776984214783
108780,0.6281203627586365,0.5793251395225525
113657,0.634852945804596,0.6255963444709778
90678,0.6362054347991943,0.6310570240020752
146358,0.6121662259101868,0.5834643840789795
198327,0.6058850884437561,0.6376043558120728
156084,0.6265932321548462,0.5912800431251526
188540,0.6131818294525146,0.5849456191062927
176938,0.646333634853363,0.6472091674804688
76524,0.6101594567298889,0.5728589296340942
53602,0.6098282337188721,0.5807742476463318
120609,0.6150369644165039,0.5702971816062927
85931,0.6315123438835144,0.5651757717132568
188330,0.6317045092582703,0.6435191631317139
160133,0.6218727827072144,0.5934181809425354
126206,0.6098499894142151,0.5940016508102417
104432,0.5899469256401062,0.5262637734413147
115684,0.6164788007736206,0.5815160274505615
96874,0.6175593733787537,0.588536262512207
118281,0.6265857815742493,0.6109735369682312
56345,0.6130868792533875,0.5900081396102905
42175,0.6223138570785522,0.5799786448478699
112790,0.6218050718307495,0.6035430431365967
170063,0.6300709843635559,0.6120143532752991
67977,0.6316912770271301,0.6141030788421631
19743,0.6042009592056274,0.5288979411125183
184477,0.6228015422821045,0.5924293398857117
110863,0.6580134034156799,0.6939135193824768
204890,0.6171721816062927,0.601950466632843
136500,0.6116970777511597,0.5732714533805847
14054,0.6574447154998779,0.6162877678871155
83994,0.579091489315033,0.5978745818138123
81582,0.6400412321090698,0.6443970799446106
5698,0.5881697535514832,0.6033168435096741
188867,0.6934865117073059,0.7120644450187683
148038,0.6114600300788879,0.5932302474975586
37580,0.6095974445343018,0.5924378037452698
24845,0.6287537813186646,0.6077985763549805
109615,0.5945793986320496,0.5515993237495422
145458,0.6553055047988892,0.6679268479347229
115459,0.636139452457428,0.67401123046875
46256,0.6322310566902161,0.6091682314872742
181495,0.6434575915336609,0.6317168474197388
45801,0.6676687598228455,0.6859701871871948
39658,0.6239789724349976,0.5780366659164429
164638,0.6389780640602112,0.57435142993927
181362,0.6491779088973999,0.6158010959625244
140726,0.6302246451377869,0.6214939951896667
177070,0.6166073083877563,0.6052299737930298
73265,0.6204182505607605,0.6001277565956116
103903,0.6167577505111694,0.5490320324897766
148802,0.5753476023674011,0.5786368250846863
69594,0.6105530858039856,0.5747926831245422
58539,0.5912401080131531,0.5428541898727417
86906,0.6249203085899353,0.572364866733551
3005,0.6268627643585205,0.5975350737571716
94994,0.6076979041099548,0.5578515529632568
2467,0.6495205760002136,0.6495606899261475
185567,0.6168751120567322,0.5980945825576782
178320,0.639387309551239,0.6486169099807739
174661,0.6221854090690613,0.6097256541252136
77202,0.6136817932128906,0.640664279460907
157159,0.6338986158370972,0.6248142123222351
201310,0.593806266784668,0.5732623934745789
94458,0.612891435623169,0.5951019525527954
15015,0.6392465233802795,0.6395474076271057
163879,0.6319315433502197,0.6121653318405151
158374,0.6237447261810303,0.6096305251121521
47204,0.6225835680961609,0.6118648052215576
12161,0.6223998665809631,0.602084755897522
54025,0.6078311204910278,0.5824897289276123
204662,0.6241269707679749,0.6051132678985596
48809,0.6094962954521179,0.5660255551338196
61385,0.6315667033195496,0.6235639452934265
27751,0.6174328327178955,0.6033517122268677
187705,0.6551836729049683,0.6073782444000244
155115,0.6400743722915649,0.6007769703865051
33982,0.6124593019485474,0.5814835429191589
90032,0.6358248591423035,0.614134669303894
130670,0.6126245260238647,0.5884531736373901
66917,0.6407507061958313,0.6108224391937256
90378,0.6047787070274353,0.5939677953720093
97662,0.6248680949211121,0.6012154817581177
206143,0.6178995370864868,0.5614052414894104
78953,0.6395693421363831,0.6075372695922852
1266,0.6200214624404907,0.5983014702796936
19857,0.6471455097198486,0.637118399143219
194463,0.6257103681564331,0.6103532910346985
171037,0.6155924201011658,0.5692384243011475
74550,0.6116089224815369,0.5819790959358215
88510,0.6231545805931091,0.6651005148887634
33708,0.620316207408905,0.61118084192276
190410,0.6225106120109558,0.590954065322876
61653,0.6085405945777893,0.5907897353172302
154336,0.6261727213859558,0.5728381872177124
150295,0.6816220879554749,0.7126806378364563
73564,0.6126119494438171,0.5823126435279846
29215,0.6438381671905518,0.6396750807762146
139217,0.6217411756515503,0.595003068447113
34624,0.6543990969657898,0.6739492416381836
117842,0.6183053255081177,0.6291275024414062
91095,0.6461343765258789,0.6327475309371948
9747,0.6372085213661194,0.6173854470252991
106133,0.6081191301345825,0.6073049902915955
72725,0.6137911081314087,0.5758442282676697
93477,0.6217051148414612,0.5898540019989014
174166,0.6026557087898254,0.621392011642456
127271,0.6325156688690186,0.6096557974815369
139600,0.5810979604721069,0.5195697546005249
7811,0.6187921762466431,0.5911728143692017
121403,0.6230246424674988,0.5849652886390686
14213,0.6050742268562317,0.5639150738716125
77188,0.640837550163269,0.6137688159942627
87225,0.6329953074455261,0.6285178661346436
29974,0.6422067880630493,0.6258386969566345
15021,0.6450515389442444,0.6547515988349915
140701,0.6394254565238953,0.6408108472824097
195639,0.6186410188674927,0.594325602054596
203005,0.6207616925239563,0.5521959066390991
7968,0.6304341554641724,0.6022982001304626
118625,0.648039698600769,0.682868242263794
57328,0.6408379077911377,0.6274758577346802
18844,0.6327386498451233,0.6514991521835327
102280,0.6246711015701294,0.5984757542610168
167268,0.6404522061347961,0.7026858925819397
11885,0.6136007905006409,0.5591450333595276
57088,0.6133012771606445,0.5844287872314453
201378,0.6210822463035583,0.598456621170044
182287,0.6305330991744995,0.6138137578964233
19179,0.6254101991653442,0.6378976702690125
189151,0.623142659664154,0.5897811055183411
22283,0.5959411859512329,0.5693003535270691
62760,0.679391086101532,0.7341364622116089
203176,0.6200173497200012,0.5893097519874573
64235,0.6242287158966064,0.6011343002319336
7464,0.6284176707267761,0.5766277313232422
15025,0.6067149043083191,0.5571351647377014
15363,0.6494792699813843,0.6245248913764954
103522,0.5846405625343323,0.5907691717147827
42150,0.6344428658485413,0.6064006686210632
150791,0.6249083876609802,0.6307229995727539
137460,0.6068637371063232,0.5905293822288513
202042,0.5871657729148865,0.5765007138252258
27799,0.6069618463516235,0.5817066431045532
87854,0.6244982481002808,0.6257049441337585
98400,0.625000536441803,0.6590468287467957
109052,0.6472901701927185,0.6290566325187683
30141,0.5907284617424011,0.5614404082298279
7280,0.5646690130233765,0.5214953422546387
185470,0.6068544983863831,0.5679570436477661
50144,0.6051537990570068,0.5849723815917969
70777,0.568851888179779,0.5454956889152527
77935,0.645165741443634,0.6345139145851135
157933,0.6031143069267273,0.6468337178230286
12982,0.6222788095474243,0.5995059609413147
58011,0.6094982624053955,0.580530047416687
36645,0.6511842012405396,0.6435827612876892
3743,0.5776136517524719,0.5414993166923523
55891,0.6144094467163086,0.5766056180000305
117868,0.5976091027259827,0.5459046959877014
116294,0.5846387147903442,0.5445063710212708
25239,0.6269463300704956,0.618600606918335
84030,0.6049690842628479,0.5665826201438904
173633,0.6106788516044617,0.5698458552360535
193537,0.6179977655410767,0.5847834944725037
194776,0.612299919128418,0.5757429003715515
90665,0.6290124654769897,0.623613715171814
171507,0.6222673058509827,0.5914656519889832
48978,0.6153466105461121,0.5692135691642761
68295,0.5989448428153992,0.5660808682441711
152013,0.6256139874458313,0.5929957032203674
122047,0.6114212870597839,0.6171534061431885
60034,0.6409608125686646,0.6433061957359314
1259,0.639248788356781,0.6356595754623413
170925,0.6301699876785278,0.645016074180603
5551,0.6246674060821533,0.5922189354896545
19890,0.6182687878608704,0.5912900567054749
11687,0.6272924542427063,0.6137791872024536
69550,0.6533201932907104,0.6634807586669922
51663,0.5934938788414001,0.5335637927055359
136290,0.6055437922477722,0.5643141865730286
66210,0.655975341796875,0.610887885093689
141047,0.667080283164978,0.6973869204521179
152767,0.5857712030410767,0.5959815382957458
170051,0.6452626585960388,0.6117891669273376
26262,0.618120551109314,0.5911227464675903
90906,0.6178181171417236,0.5898733139038086
118413,0.6341834664344788,0.5797269344329834
115535,0.6419826745986938,0.6587070822715759
64530,0.6352725625038147,0.6766650080680847
17610,0.607958197593689,0.5983852744102478
66749,0.6193916201591492,0.6857292652130127
122364,0.6045238971710205,0.5899044871330261
117937,0.6506061553955078,0.6861658096313477
172911,0.6350632309913635,0.5916052460670471
91794,0.6304051280021667,0.6063182353973389
160690,0.6409906148910522,0.6438748836517334
159097,0.6452902555465698,0.612753689289093
93095,0.6053563356399536,0.5720320343971252
111338,0.6150243282318115,0.6045281887054443
100027,0.6172698140144348,0.5592678189277649
17165,0.6075112223625183,0.5566753149032593
129443,0.6410385966300964,0.6200365424156189
123932,0.5825657248497009,0.5264880061149597
164242,0.6151021718978882,0.6073707938194275
31368,0.6577886939048767,0.6347774863243103
30299,0.6357627511024475,0.6365910172462463
124571,0.6083299517631531,0.5751437544822693
114795,0.6312649846076965,0.6022897958755493
124720,0.6419887542724609,0.625501275062561
20058,0.6633937954902649,0.6821431517601013
23064,0.6211045384407043,0.5963518619537354
128654,0.6597052812576294,0.6515905857086182
134936,0.6213217973709106,0.6177636384963989
110212,0.6416418552398682,0.6048233509063721
173631,0.6394785642623901,0.6232866644859314
9092,0.6117408871650696,0.5641024708747864
90968,0.6070777773857117,0.5899355411529541
147695,0.6139365434646606,0.5869131088256836
4568,0.64506995677948,0.6133917570114136
144599,0.6253079771995544,0.5771111845970154
154013,0.6372940540313721,0.6206642985343933
141335,0.6503061056137085,0.6377807259559631
196036,0.6631436944007874,0.683008074760437
201239,0.6199098229408264,0.6089724898338318
28178,0.6264722943305969,0.5865430235862732
69126,0.637473464012146,0.6297393441200256
85085,0.6101158857345581,0.5693605542182922
18595,0.62042236328125,0.6186118721961975
126480,0.6085365414619446,0.5671960115432739
103750,0.5746313333511353,0.5656718611717224
42829,0.6211215853691101,0.5700415372848511
116614,0.6686728000640869,0.7200113534927368
200521,0.6682926416397095,0.6814551949501038
171823,0.6126924753189087,0.5832719206809998
143864,0.5950971841812134,0.6086714267730713
149138,0.6190620064735413,0.592326819896698
79954,0.6409631371498108,0.6806755065917969
48338,0.6474205851554871,0.6347010731697083
121086,0.6269820332527161,0.6199328303337097
44454,0.6555162668228149,0.6262304782867432
50133,0.619001567363739,0.5628160238265991
46372,0.5880337953567505,0.6103994250297546
199962,0.6166656017303467,0.5869872570037842
152644,0.6457741856575012,0.6447799801826477
80202,0.5914430022239685,0.6424024701118469
204210,0.6312833428382874,0.5914379954338074
46930,0.6288004517555237,0.6331546902656555
52257,0.6530523896217346,0.6373499631881714
187274,0.6441045999526978,0.6240909099578857
43140,0.6180441975593567,0.6002987623214722
175045,0.6580588221549988,0.6794870495796204
41515,0.6050406694412231,0.5927237272262573
134347,0.6345025897026062,0.6117344498634338
187243,0.6314836144447327,0.5977824926376343
196893,0.6466088891029358,0.652802050113678
78757,0.6210230588912964,0.6369441151618958
6440,0.626461386680603,0.5979741811752319
11496,0.6715492010116577,0.7183588743209839
11615,0.6409250497817993,0.634286105632782
60760,0.6331053972244263,0.6002615094184875
133179,0.6283199787139893,0.6161733865737915
107397,0.6234143376350403,0.5852327942848206
108468,0.612520158290863,0.5789669156074524
117891,0.6108769178390503,0.5810549855232239
189153,0.613290548324585,0.5893670320510864
116230,0.6438643336296082,0.6549683213233948
155951,0.6097946166992188,0.5880174040794373
180704,0.6133793592453003,0.5993524193763733
49807,0.6124507784843445,0.5710635781288147
190042,0.6240840554237366,0.5840936303138733
3759,0.6044908165931702,0.5603079199790955
17456,0.6157227754592896,0.6453199982643127
147810,0.6063008904457092,0.5590025782585144
160775,0.6302043199539185,0.5914584994316101
132642,0.6105203032493591,0.5679320693016052
21727,0.630031168460846,0.6320062279701233
70255,0.6440359354019165,0.664477527141571
171412,0.58101487159729,0.5588359236717224
54725,0.6080427765846252,0.5790507793426514
18413,0.6328840255737305,0.608573853969574
116087,0.6093327403068542,0.5831711888313293
131714,0.6067584156990051,0.5666062235832214
134270,0.6348480582237244,0.603364109992981
53891,0.6218646168708801,0.603808581829071
93767,0.6812495589256287,0.7350804209709167
25378,0.6262912750244141,0.5836384892463684
108887,0.6516019105911255,0.6207851767539978
148541,0.655146598815918,0.6734203100204468
102996,0.6469555497169495,0.6533304452896118
18903,0.6182692050933838,0.5729284286499023
51049,0.6481768488883972,0.6302261352539062
52558,0.5884270071983337,0.6288709044456482
58662,0.6442716121673584,0.6159912943840027
53205,0.6589701771736145,0.6719843745231628
150933,0.615470290184021,0.5816506743431091
171433,0.6232584118843079,0.5842005014419556
178244,0.6154444813728333,0.5928404927253723
10793,0.6534109711647034,0.6929289698600769
64127,0.5969365835189819,0.6065523624420166
63689,0.6399077773094177,0.6286676526069641
164727,0.646248459815979,0.6220335364341736
121203,0.6152369379997253,0.5626018047332764
119105,0.5977672338485718,0.5449116826057434
64983,0.631816565990448,0.608651340007782
55791,0.6192507147789001,0.5850480198860168
88505,0.6612387299537659,0.6457253694534302
203873,0.6271284818649292,0.6008215546607971
93111,0.6415407061576843,0.6187925934791565
203909,0.6491795778274536,0.6699292063713074
141949,0.5953575968742371,0.5627575516700745
74892,0.6251885294914246,0.6307963728904724
173183,0.5926237106323242,0.5947886109352112
76475,0.643154501914978,0.6484689116477966
187357,0.6640150547027588,0.6624040007591248
57032,0.641444206237793,0.6788241267204285
78671,0.674838125705719,0.7007061839103699
153588,0.6141828894615173,0.5947663187980652
112304,0.6327640414237976,0.6615150570869446
119981,0.6428097486495972,0.6236819624900818
123364,0.602125883102417,0.557364284992218
83813,0.623370885848999,0.5946617722511292
110097,0.6194609999656677,0.5771592855453491
116518,0.6536789536476135,0.6116392016410828
102489,0.5971812009811401,0.5526405572891235
131747,0.6038084030151367,0.5782697796821594
192330,0.6363527774810791,0.6463512778282166
202652,0.620127260684967,0.6102752685546875
76127,0.6326682567596436,0.6114469170570374
88997,0.6443590521812439,0.6370438933372498
146314,0.6181443333625793,0.5748449563980103
1258,0.6420906782150269,0.6281453371047974
24555,0.6261540055274963,0.5951061844825745
29525,0.6256015300750732,0.6248282790184021
29555,0.6241959929466248,0.6073751449584961
132557,0.6337436437606812,0.6111862063407898
173131,0.6078400015830994,0.5728838443756104
169669,0.5924639105796814,0.5640697479248047
195579,0.6157512664794922,0.5573204755783081
192068,0.6324262022972107,0.596044659614563
183313,0.6201083660125732,0.5558390021324158
5827,0.630951464176178,0.6347170472145081
177011,0.6079733967781067,0.5687317252159119
30127,0.6343396902084351,0.5927155017852783
123900,0.6283433437347412,0.6033575534820557
137860,0.6390933990478516,0.6082482933998108
157504,0.6203151941299438,0.6321086883544922
114841,0.6246979236602783,0.5855739116668701
80301,0.6350714564323425,0.5927063226699829
172884,0.6249939203262329,0.609057605266571
169431,0.6281836628913879,0.6187188029289246
14714,0.6313956379890442,0.5937783718109131
3155,0.5879704356193542,0.6406253576278687
98155,0.6185740232467651,0.5788068175315857
157431,0.6303949952125549,0.5825519561767578
133465,0.6509899497032166,0.6630870699882507
64006,0.6517594456672668,0.6211835145950317
132922,0.6084362864494324,0.5700161457061768
157493,0.6098433136940002,0.5683296322822571
81721,0.630581259727478,0.6150133013725281
10231,0.6077309846878052,0.5866458415985107
204460,0.6442016959190369,0.622241735458374
109218,0.6231780648231506,0.579899251461029
58128,0.6410539746284485,0.6191825866699219
140725,0.6268212199211121,0.6352668404579163
19887,0.6318476796150208,0.5879917144775391
10667,0.6176919937133789,0.588104784488678
185467,0.6187546849250793,0.6160792708396912
28786,0.6242992281913757,0.5573974251747131
101341,0.6116327047348022,0.5667288303375244
7663,0.6568949222564697,0.6255376935005188
91374,0.6392590403556824,0.6493377089500427
135467,0.6011238694190979,0.5564504861831665
152657,0.6335555911064148,0.5917314291000366
98062,0.6606319546699524,0.6615156531333923
146469,0.5795474648475647,0.6049172282218933
65864,0.6182382106781006,0.5857098698616028
185900,0.6224512457847595,0.5718494653701782
49386,0.6129518747329712,0.5611312985420227
6190,0.6134414076805115,0.570668637752533
137205,0.6361104846000671,0.624022901058197
86246,0.6156358122825623,0.56846022605896
132845,0.6305778622627258,0.59267258644104
124878,0.6265822052955627,0.607169508934021
159685,0.6081264615058899,0.595673680305481
145023,0.6124187707901001,0.5825973153114319
185139,0.6410385966300964,0.6207602024078369
77651,0.601262629032135,0.5616334676742554
121,0.638999342918396,0.6280275583267212
180319,0.6268320679664612,0.5796926021575928
149549,0.6066211462020874,0.625785231590271
114931,0.6530018448829651,0.6609317064285278
152834,0.6143853068351746,0.5832656025886536
104976,0.623246431350708,0.6001012325286865
62,0.6262753009796143,0.6008544564247131
62199,0.5946856141090393,0.5649363398551941
129702,0.6426562070846558,0.6169113516807556
140577,0.6112871170043945,0.5770527124404907
53016,0.6465013027191162,0.6186691522598267
66834,0.5875769257545471,0.6013162136077881
23257,0.5901451110839844,0.5738564133644104
135032,0.6155154705047607,0.5917171239852905
11139,0.6129546761512756,0.5919761657714844
10616,0.6529796719551086,0.657135009765625
182159,0.6252268552780151,0.6196887493133545
95003,0.6043301820755005,0.6126142144203186
6610,0.6331653594970703,0.6344722509384155
85525,0.6463726758956909,0.6408863663673401
10472,0.6206879019737244,0.5942319631576538
133577,0.6203063130378723,0.558562695980072
94475,0.6154541373252869,0.579779326915741
144981,0.6145351529121399,0.5689861178398132
18135,0.6314985156059265,0.6029404997825623
74858,0.6035079956054688,0.5859728455543518
102076,0.5787646174430847,0.533699095249176
163243,0.6169218420982361,0.5766553282737732
34381,0.6434239149093628,0.6934663653373718
147759,0.6315332651138306,0.6188536882400513
122042,0.5701470971107483,0.52616286277771
41886,0.634251058101654,0.5909284949302673
147204,0.6104581356048584,0.5731678009033203
170183,0.6171655058860779,0.585555911064148
185601,0.6440103650093079,0.6205317378044128
52311,0.6167629361152649,0.5901085734367371
136310,0.6084292531013489,0.5628213882446289
166963,0.6264564990997314,0.6110743284225464
11818,0.6383129954338074,0.6183778047561646
105209,0.6581652164459229,0.6305294036865234
122761,0.6193209290504456,0.5775186419487
127839,0.6106364130973816,0.579789400100708
31679,0.626525342464447,0.6123322248458862
96723,0.6868059039115906,0.7276574373245239
150543,0.6244378685951233,0.6103923916816711
181174,0.6416968703269958,0.6255796551704407
115406,0.6393869519233704,0.6613299250602722
161600,0.6161496043205261,0.5837504863739014
152393,0.6484506130218506,0.6334522366523743
75354,0.6315208077430725,0.6301113963127136
72644,0.6168242692947388,0.5570294260978699
195836,0.6188759207725525,0.5955849885940552
182457,0.6097247004508972,0.6540202498435974
190140,0.643682599067688,0.6266260147094727
154619,0.5771673321723938,0.573164165019989
80137,0.6440380215644836,0.6434580683708191
66925,0.6290647983551025,0.6127557754516602
168624,0.5901138782501221,0.5947887301445007
77259,0.6029687523841858,0.5960201025009155
164405,0.6325894594192505,0.594793438911438
140437,0.6125124096870422,0.5878921747207642
116374,0.6211560368537903,0.6110121011734009
30356,0.6464410424232483,0.6168025732040405
191185,0.6165443658828735,0.5795298218727112
17509,0.6126784682273865,0.5600897073745728
84100,0.6251660585403442,0.5923064947128296
203703,0.6146546006202698,0.597302258014679
159198,0.6178323030471802,0.5814515352249146
100624,0.622417151927948,0.5938646197319031
179505,0.6284704208374023,0.616404116153717
157941,0.6502193808555603,0.6195706129074097
90030,0.6084955334663391,0.5718671083450317
7312,0.6241502165794373,0.586283802986145
90411,0.5899399518966675,0.568894624710083
132014,0.6123042702674866,0.598800003528595
107382,0.6288649439811707,0.6342213153839111
90901,0.5933083295822144,0.5973789691925049
111489,0.6148680448532104,0.5926955342292786
150978,0.649699866771698,0.6529648303985596
73246,0.6577800512313843,0.6506507396697998
135100,0.6394340991973877,0.6160443425178528
199058,0.6349237561225891,0.6199901700019836
87231,0.6261671781539917,0.6098156571388245
46382,0.5819237232208252,0.5275768041610718
119758,0.6373110413551331,0.6229049563407898
177862,0.6210119724273682,0.6038816571235657
33930,0.6015045046806335,0.5472460389137268
111605,0.6318283081054688,0.5993457436561584
33662,0.629151463508606,0.6251001954078674
22971,0.6556921601295471,0.6831833124160767
15671,0.6203911900520325,0.5754510164260864
737,0.5607324838638306,0.6199387311935425
88988,0.6454942226409912,0.6212083697319031
29829,0.6174583435058594,0.607162356376648
164878,0.6048417687416077,0.568800151348114
152355,0.6242143511772156,0.5744697451591492
19416,0.5547974109649658,0.5382331013679504
121736,0.6475661993026733,0.62093585729599
40960,0.6515795588493347,0.6336492896080017
50736,0.6365920305252075,0.6156864762306213
115391,0.6347799897193909,0.5950571894645691
98054,0.6109842658042908,0.5597563982009888
194623,0.626419186592102,0.5907002091407776
103723,0.6415649056434631,0.6188871264457703
94184,0.657867968082428,0.692088782787323
113379,0.5987671613693237,0.5497080087661743
24455,0.6274535059928894,0.6196209788322449
115449,0.630210816860199,0.5809624195098877
98651,0.6134093999862671,0.5800579786300659
174909,0.6157137751579285,0.6027238965034485
55315,0.6210686564445496,0.6168439388275146
82275,0.6042708158493042,0.583775520324707
173453,0.6268846392631531,0.5774068832397461
166754,0.5794808864593506,0.5477085709571838
94742,0.6197213530540466,0.6212885975837708
101258,0.578416645526886,0.6052008867263794
52292,0.6093083024024963,0.5445985198020935
119544,0.6197813749313354,0.5941799879074097
134672,0.6258669495582581,0.6296448111534119
87121,0.6322061419487,0.6159341931343079
70722,0.616348385810852,0.5513137578964233
112454,0.618803858757019,0.593505859375
185877,0.615646243095398,0.5786447525024414
154834,0.6314219236373901,0.5924234986305237
146617,0.6475237607955933,0.639423131942749
100110,0.6019580364227295,0.5912116765975952
108903,0.6067810654640198,0.5962921380996704
114117,0.6134176850318909,0.5972841382026672
122653,0.6602099537849426,0.6602306365966797
22163,0.6006659865379333,0.5894081592559814
196329,0.5737949013710022,0.5997390151023865
192902,0.6392921209335327,0.6137657761573792
34081,0.6498716473579407,0.6642261743545532
37611,0.6322317123413086,0.6394482851028442
8495,0.6283429861068726,0.6153286099433899
51156,0.6392938494682312,0.6314676403999329
113403,0.597059428691864,0.6000725030899048
135136,0.6442475914955139,0.6444050073623657
188329,0.6126741170883179,0.5624698400497437
37294,0.6206797361373901,0.5863029956817627
40965,0.6214329600334167,0.5830220580101013
27089,0.6215211153030396,0.5733849406242371
96350,0.6311540603637695,0.6273189187049866
102793,0.6152612566947937,0.5851075053215027
178834,0.6615796685218811,0.7063726186752319
130109,0.592208743095398,0.581118643283844
7897,0.6081774830818176,0.548980176448822
143614,0.6368356943130493,0.6050347685813904
77537,0.6440187692642212,0.6352488398551941
90169,0.629138708114624,0.6128256320953369
140455,0.6228485107421875,0.6110507249832153
150758,0.596856415271759,0.5680177211761475
56071,0.6325488686561584,0.6492714285850525
165519,0.6205204129219055,0.6116526126861572
27315,0.6276057958602905,0.6336129307746887
169043,0.6131229400634766,0.6367560029029846
101077,0.6095936894416809,0.5901354551315308
154228,0.6383285522460938,0.6632581949234009
205739,0.6527200937271118,0.6138039231300354
155479,0.6055758595466614,0.5645209550857544
202589,0.619834840297699,0.599582850933075
66042,0.6214265823364258,0.6551588773727417
118593,0.64008629322052,0.6295714974403381
199392,0.6566420197486877,0.6131422519683838
146000,0.5986286401748657,0.5858946442604065
192566,0.6303951740264893,0.5884392261505127
185019,0.6106480956077576,0.5897685885429382
42138,0.6124172210693359,0.5797563791275024
129899,0.6098362803459167,0.6030603051185608
95035,0.6459222435951233,0.6850854754447937
54398,0.6410449147224426,0.597123920917511
14134,0.6102859973907471,0.607513964176178
152587,0.6148607730865479,0.584018349647522
128966,0.6545278429985046,0.6766824126243591
149740,0.6327933073043823,0.582394003868103
84358,0.5340119004249573,0.5961865186691284
15416,0.6139509081840515,0.5618478655815125
117006,0.6143648028373718,0.5738244652748108
23024,0.6301094889640808,0.6039196848869324
118601,0.6193609237670898,0.6666778326034546
144255,0.6082082390785217,0.5687129497528076
24010,0.6191381216049194,0.5662874579429626
102613,0.636635959148407,0.5902808308601379
96819,0.6282796859741211,0.6046547293663025
120169,0.6175472736358643,0.5878873467445374
35223,0.6470463871955872,0.6624583005905151
56104,0.5929413437843323,0.5580055713653564
182852,0.6482440829277039,0.6161648631095886
122115,0.6613472104072571,0.6448968648910522
73925,0.6378860473632812,0.6336973309516907
36584,0.6154364347457886,0.5826987624168396
34189,0.6199952960014343,0.5687025189399719
134865,0.6519654989242554,0.6464836597442627
40526,0.6068095564842224,0.5744087100028992
152785,0.6321859359741211,0.612797737121582
38688,0.6264743804931641,0.6005837917327881
62063,0.6628414392471313,0.6320765614509583
72746,0.6293487548828125,0.5862343311309814
29361,0.6197548508644104,0.5832312703132629
69478,0.6081774830818176,0.5877596139907837
22590,0.6570139527320862,0.6238589882850647
187195,0.6029149889945984,0.5746191740036011
30427,0.6400760412216187,0.6531633734703064
106744,0.6245660781860352,0.6285934448242188
94309,0.6035594940185547,0.5680064558982849
83883,0.6119680404663086,0.5566751956939697
78419,0.5974293947219849,0.6306460499763489
617,0.6148642301559448,0.6047176122665405
163997,0.6264926791191101,0.6094631552696228
103717,0.6200224161148071,0.5775143504142761
161795,0.6309754252433777,0.5816156268119812
34837,0.6136590838432312,0.5873289704322815
39326,0.6212890148162842,0.5702860951423645
134815,0.6282638907432556,0.601850152015686
67529,0.6475470662117004,0.6474320292472839
64930,0.6043363213539124,0.5728456974029541
125059,0.6316934823989868,0.6247634887695312
146225,0.6146866679191589,0.5825995206832886
96622,0.6439322829246521,0.6395642757415771
27788,0.6162436008453369,0.5948313474655151
49578,0.6098460555076599,0.5807253122329712
16574,0.6184089779853821,0.6023796796798706
74584,0.5922766923904419,0.574744462966919
202080,0.6556751728057861,0.6651623249053955
20311,0.6057640314102173,0.5809701085090637
172241,0.6238177418708801,0.5915297269821167
81083,0.6621668338775635,0.6964648365974426
1185,0.5768759846687317,0.5061942338943481
120112,0.6511249542236328,0.6345060467720032
35035,0.6243258714675903,0.5831705927848816
53568,0.5911864042282104,0.6041325926780701
119623,0.5857639312744141,0.5199205875396729
106303,0.5842356085777283,0.5521250367164612
160062,0.5947750806808472,0.5929648280143738
154366,0.6376979351043701,0.6051986217498779
80758,0.6097596883773804,0.6035174131393433
40497,0.6136449575424194,0.618107795715332
185259,0.6205925345420837,0.5882450342178345
70323,0.6328664422035217,0.6021067500114441
75683,0.6339676976203918,0.637086033821106
58085,0.61778324842453,0.5801423788070679
148011,0.6337795853614807,0.6616159081459045
116112,0.649600088596344,0.6486294269561768
7921,0.6158588528633118,0.6083813905715942
110671,0.6368971467018127,0.6225308775901794
104146,0.5926494598388672,0.5815289616584778
88538,0.6204102039337158,0.6021049618721008
110322,0.606891393661499,0.5855330228805542
96521,0.6113272309303284,0.5577174425125122
170512,0.594758152961731,0.5709818601608276
56901,0.6049525141716003,0.5818491578102112
146594,0.6070159673690796,0.613751232624054
40996,0.6313933730125427,0.6374568343162537
37300,0.6438264846801758,0.6398002505302429
133333,0.6436803936958313,0.6119846105575562
143371,0.5871903300285339,0.5306164026260376
201054,0.6231705546379089,0.5797520279884338
160112,0.6260815858840942,0.5961331129074097
202485,0.620563805103302,0.5996142029762268
151650,0.5833869576454163,0.5781072378158569
16979,0.6117638945579529,0.5547700524330139
165994,0.62172532081604,0.6108439564704895
76008,0.6252626776695251,0.6140792965888977
106207,0.6437124609947205,0.6138818264007568
102188,0.618326723575592,0.6013733744621277
132604,0.6173869371414185,0.6037150621414185
101705,0.6182847619056702,0.6008638143539429
200742,0.6077930927276611,0.5826910138130188
43856,0.6434505581855774,0.6090770363807678
115214,0.5998120903968811,0.6240246891975403
80481,0.6266806125640869,0.5932630896568298
102882,0.6340824365615845,0.587431013584137
163169,0.6622606515884399,0.6889672875404358
30678,0.6399106383323669,0.6306296586990356
23921,0.6808990836143494,0.7016391754150391
183445,0.5936447381973267,0.5523325204849243
151286,0.6251471042633057,0.5902497172355652
26502,0.6061071157455444,0.5491427183151245
77566,0.6128525137901306,0.592738926410675
183397,0.6117469668388367,0.6055473685264587
163452,0.6422452330589294,0.5983700156211853
77285,0.6276333928108215,0.6121494174003601
90953,0.6242578029632568,0.595909059047699
185713,0.5895830392837524,0.5541499853134155
76573,0.6480036973953247,0.6648423075675964
178051,0.5802631378173828,0.5950552821159363
60842,0.6376506090164185,0.6659084558486938
39491,0.612799346446991,0.5934403538703918
30872,0.6349920630455017,0.6141165494918823
4452,0.6438475847244263,0.618217408657074
120369,0.6153237819671631,0.608959972858429
54996,0.5595664978027344,0.6212338805198669
60975,0.6072612404823303,0.6235944628715515
7484,0.6691902875900269,0.6763566136360168
113765,0.6039495468139648,0.5953392386436462
78461,0.6239928603172302,0.5759902596473694
117297,0.6135489344596863,0.5525833368301392
73937,0.6203388571739197,0.6250707507133484
172023,0.6069836020469666,0.5681154727935791
51488,0.6165754795074463,0.5597200989723206
149815,0.6131612658500671,0.5880697965621948
95180,0.5753885507583618,0.530577540397644
154369,0.6244150400161743,0.5907806158065796
171927,0.6194486618041992,0.6026121973991394
59547,0.6211884021759033,0.5887990593910217
196876,0.6581640243530273,0.6715938448905945
185938,0.6265677809715271,0.6458987593650818
92993,0.6343675851821899,0.592934250831604
73224,0.6051544547080994,0.6551723480224609
205836,0.6574239134788513,0.6259734034538269
155867,0.6261680722236633,0.6192647814750671
8840,0.6010029315948486,0.5775447487831116
71230,0.6121099591255188,0.5630348920822144
162112,0.6175406575202942,0.5810874104499817
6878,0.6545475721359253,0.6905357837677002
171346,0.5917739272117615,0.5446950793266296
177075,0.6306143403053284,0.6282806992530823
81492,0.6210641264915466,0.6014567613601685
98569,0.623357355594635,0.5786319971084595
48346,0.6320010423660278,0.6237012147903442
180984,0.6262929439544678,0.5898370146751404
204244,0.570769190788269,0.584344744682312
151668,0.6395496129989624,0.6385733485221863
65573,0.6384397149085999,0.607854962348938
68056,0.6502133011817932,0.6452804803848267
72478,0.6012738347053528,0.5673701763153076
102149,0.6400117874145508,0.5758581757545471
167786,0.644217312335968,0.6598832607269287
128760,0.6241873502731323,0.5972889065742493
199476,0.6162710785865784,0.5742446780204773
197171,0.6272864937782288,0.5877709984779358
205971,0.6212178468704224,0.5927445292472839
190443,0.6085911393165588,0.5500667691230774
125655,0.6258274912834167,0.6112038493156433
23973,0.6035873293876648,0.5658251047134399
195830,0.6237052083015442,0.5797736048698425
34282,0.6131412386894226,0.5866190791130066
99686,0.6320064663887024,0.6410064697265625
157455,0.6141629815101624,0.5874818563461304
184117,0.5793056488037109,0.5710046291351318
165326,0.6487303972244263,0.6183791756629944
93724,0.5929812788963318,0.5543872714042664
170545,0.6115747690200806,0.5973877310752869
121442,0.5983802676200867,0.5596526265144348
85925,0.6344667673110962,0.5982420444488525
60467,0.6240872144699097,0.5780792236328125
43030,0.6264626979827881,0.6128121614456177
155768,0.6247903108596802,0.5960638523101807
97863,0.6162977814674377,0.5962814688682556
96360,0.6303993463516235,0.6073407530784607
51832,0.6349655985832214,0.6056877374649048
42068,0.6311467885971069,0.5966349244117737
97467,0.6156297922134399,0.5604862570762634
58522,0.626990556716919,0.6064592599868774
190457,0.6274084448814392,0.6222342848777771
195126,0.6254526376724243,0.6147869825363159
87496,0.619322657585144,0.582514226436615
45491,0.6136457920074463,0.5999084711074829
187467,0.6572509407997131,0.6066198945045471
37023,0.6459228992462158,0.6277328729629517
76948,0.631209135055542,0.6527267694473267
51905,0.6002708673477173,0.5662291646003723
87863,0.629413366317749,0.6017799377441406
32763,0.6448641419410706,0.6237903833389282
33393,0.6401800513267517,0.620029866695404
156336,0.5862758755683899,0.5297250151634216
191352,0.6031653881072998,0.564247190952301
126389,0.6207541227340698,0.6158828139305115
187383,0.5944745540618896,0.5929642915725708
23276,0.6037384271621704,0.5659464001655579
155385,0.596779465675354,0.5884807705879211
9428,0.6691381931304932,0.6636683344841003
101465,0.6452404260635376,0.6395612955093384
44568,0.6373865008354187,0.5988536477088928
180784,0.6156671047210693,0.5773283839225769
167580,0.6161528825759888,0.607160747051239
89619,0.6511070728302002,0.6273321509361267
139707,0.6383534669876099,0.5832546353340149
3314,0.6382512450218201,0.6363959908485413
104389,0.5928438901901245,0.5567406415939331
147539,0.6086654663085938,0.5910863280296326
147384,0.6455984115600586,0.637145459651947
2311,0.6081295013427734,0.5853979587554932
81939,0.6160895228385925,0.5961453914642334
90659,0.5787643194198608,0.5677706599235535
64908,0.600836455821991,0.5944264531135559
82985,0.6206865906715393,0.5880233645439148
92710,0.6322668194770813,0.6364195942878723
116599,0.6254364252090454,0.6288997530937195
169599,0.6169251799583435,0.5833171606063843
128907,0.6558563113212585,0.6263363361358643
8556,0.6370528936386108,0.6299741268157959
95885,0.6251250505447388,0.5927952527999878
25995,0.6381005644798279,0.6117632389068604
183662,0.6265706419944763,0.6297788023948669
82888,0.6304102540016174,0.640292227268219
153288,0.6223723888397217,0.6037348508834839
184586,0.5901089906692505,0.5635446310043335
138122,0.6203036904335022,0.6092292666435242
123483,0.604279637336731,0.5755747556686401
103594,0.5871963500976562,0.5732490420341492
84591,0.6096280813217163,0.5743257999420166
180826,0.6061582565307617,0.5550774335861206
87716,0.6348894834518433,0.6360357403755188
96863,0.6200288534164429,0.603341281414032
108517,0.6241565346717834,0.5848180055618286
4235,0.6380547881126404,0.6127527952194214
71437,0.6075907945632935,0.5617188215255737
181239,0.6264666318893433,0.583209753036499
102650,0.6140888929367065,0.5890122652053833
35698,0.6312342882156372,0.6042553782463074
49057,0.6296989321708679,0.5966678261756897
78668,0.6348665356636047,0.5972813963890076
142399,0.6574118733406067,0.7108451128005981
178442,0.6322800517082214,0.6085540652275085
165895,0.6393234133720398,0.6490104794502258
4085,0.6220113635063171,0.6110965609550476
73255,0.6668902039527893,0.6889929175376892
26522,0.6161062121391296,0.5534414649009705
77995,0.6054659485816956,0.5682961344718933
79020,0.6166043877601624,0.573087751865387
96507,0.6260346174240112,0.5878693461418152
160053,0.621948778629303,0.5903059244155884
3779,0.6434589624404907,0.6290289759635925
11463,0.5997461676597595,0.5746068954467773
188253,0.6042226552963257,0.6160695552825928
45858,0.6095505952835083,0.5961783528327942
183340,0.6197189688682556,0.5704419612884521
148150,0.6125644445419312,0.5827509760856628
134116,0.6267309784889221,0.6191301345825195
179572,0.6459771990776062,0.6565314531326294
109816,0.5945791602134705,0.5686750411987305
53431,0.6097931265830994,0.5556239485740662
173323,0.6350946426391602,0.6124879717826843
49364,0.6378284692764282,0.6246299147605896
143595,0.6430414319038391,0.6105758547782898
16363,0.6019067168235779,0.5678870677947998
181855,0.607428252696991,0.5690175890922546
35052,0.640966534614563,0.6245163679122925
29819,0.62592613697052,0.5793491005897522
19854,0.6161493062973022,0.5836343765258789
106881,0.6542624831199646,0.6276087164878845
125053,0.6289291977882385,0.6194875240325928
107914,0.6144287586212158,0.6205886602401733
138265,0.605006754398346,0.5830180644989014
38698,0.6473242044448853,0.6121723651885986
36701,0.6395751237869263,0.6707847714424133
40947,0.6004748940467834,0.5645492672920227
21460,0.6225060820579529,0.5911378860473633
111634,0.596260130405426,0.561253011226654
175349,0.6284123659133911,0.6184529662132263
186463,0.6020507216453552,0.587526261806488
91577,0.6309010982513428,0.6079756617546082
99556,0.6193887591362,0.5938791632652283
134210,0.6483239531517029,0.6607597470283508
202255,0.6405433416366577,0.6182565093040466
137003,0.585963249206543,0.5781534910202026
13975,0.62313312292099,0.5933074355125427
170279,0.6115360856056213,0.5566854476928711
135152,0.6061633229255676,0.5412449240684509
110948,0.585580050945282,0.608747124671936
144370,0.6258144974708557,0.6045839786529541
169058,0.6388024091720581,0.6453739404678345
113035,0.6179044842720032,0.5705822706222534
159633,0.636693000793457,0.5850340723991394
191949,0.6449679136276245,0.6015928983688354
15610,0.6093186736106873,0.5803861021995544
85392,0.6237322092056274,0.5925197005271912
105350,0.6235224604606628,0.5948256254196167
81748,0.6611190438270569,0.6960992217063904
94878,0.6266443729400635,0.6192509531974792
138154,0.635141134262085,0.6177221536636353
177691,0.6310479640960693,0.6167421936988831
53904,0.6229269504547119,0.673806369304657
114574,0.5996905565261841,0.5823495388031006
84639,0.6169790625572205,0.5973629355430603
164420,0.6068392992019653,0.5653761029243469
180662,0.6546818017959595,0.6034460663795471
164356,0.611051619052887,0.5834015607833862
151127,0.4151330888271332,0.43674761056900024
99060,0.6222038865089417,0.6368406414985657
555,0.6257943511009216,0.6140281558036804
173224,0.6274235248565674,0.5776961445808411
141281,0.6246804594993591,0.6162787079811096
105794,0.6113619208335876,0.5915422439575195
202335,0.6217391490936279,0.5907279253005981
206015,0.6458274126052856,0.6776201128959656
25787,0.629162609577179,0.5772424936294556
78626,0.5902093648910522,0.5416123867034912
37960,0.6250025033950806,0.6146795153617859
26931,0.6475564241409302,0.62278151512146
199215,0.6277784109115601,0.5788757801055908
143334,0.6465755701065063,0.6358992457389832
70234,0.6440896391868591,0.6626576781272888
109074,0.633697509765625,0.5979062914848328
2713,0.6069228053092957,0.5947381258010864
53092,0.6009156703948975,0.6146602630615234
103064,0.6322957277297974,0.6037590503692627
144192,0.6349391937255859,0.6209225058555603
104068,0.6561742424964905,0.6602908968925476
86543,0.6275709867477417,0.6174436807632446
67959,0.6042401790618896,0.5536351799964905
35117,0.654884934425354,0.6483646631240845
204535,0.6039837598800659,0.5689830183982849
27825,0.6379624605178833,0.5901903510093689
53254,0.6151145100593567,0.6122493147850037
69001,0.6046359539031982,0.5501721501350403
137743,0.5985987186431885,0.5731415152549744
131578,0.6151625514030457,0.5878542065620422
146529,0.6326910853385925,0.5842515826225281
155831,0.5969792604446411,0.5325690507888794
193969,0.6319810152053833,0.5722295045852661
76266,0.6531781554222107,0.6838850378990173
60965,0.6300774812698364,0.5932520627975464
142473,0.6337753534317017,0.6075773239135742
190287,0.6395298838615417,0.6611435413360596
154816,0.6218698620796204,0.5879238247871399
11438,0.6361759901046753,0.6316779255867004
49614,0.6216589212417603,0.612475574016571
168447,0.6306648850440979,0.6001617908477783
151780,0.6207529306411743,0.5886726379394531
175541,0.616625964641571,0.5637088418006897
203639,0.612115740776062,0.6072379946708679
31448,0.6260364651679993,0.5888227224349976
81804,0.6051244139671326,0.5607109069824219
36064,0.6390755772590637,0.6042630672454834
18818,0.6301130652427673,0.5870234370231628
34297,0.6415863037109375,0.595506489276886
121084,0.6152808666229248,0.5859147310256958
43929,0.6355882883071899,0.6450109481811523
72691,0.6429304480552673,0.6173726916313171
154864,0.6278306245803833,0.5782259702682495
68192,0.6261130571365356,0.6209089159965515
18103,0.6403663754463196,0.6026427745819092
47049,0.524699866771698,0.5334803462028503
166535,0.6234366297721863,0.6006463766098022
23516,0.620659589767456,0.6067517399787903
29401,0.5834619998931885,0.5549755096435547
145658,0.6275566220283508,0.6262689232826233
167832,0.6520751714706421,0.617397665977478
115334,0.6154910326004028,0.5996505618095398
18720,0.6284348368644714,0.6316863298416138
137522,0.6284565329551697,0.5738710761070251
182147,0.6269513964653015,0.5920957326889038
187809,0.6270920038223267,0.5982158780097961
118905,0.613846480846405,0.5804055333137512
29801,0.6319111585617065,0.5902414321899414
46124,0.6083911061286926,0.6489146947860718
63561,0.6234980225563049,0.6048077940940857
80751,0.6015409827232361,0.5641864538192749
174007,0.6361355185508728,0.6443570256233215
47702,0.6155164241790771,0.556545078754425
147155,0.6494662761688232,0.6267049908638
195285,0.6147273778915405,0.5958945751190186
86725,0.6178315877914429,0.5859096050262451
78612,0.6224294304847717,0.6388713717460632
177213,0.5963004231452942,0.5720034241676331
195431,0.6392405033111572,0.6454429030418396
76300,0.6626720428466797,0.6415461301803589
93748,0.6210892796516418,0.591889500617981
184650,0.6549041271209717,0.670814573764801
8962,0.622429609298706,0.5919705629348755
68353,0.6618521809577942,0.6741674542427063
68963,0.6089684367179871,0.5997334718704224
130179,0.6209762692451477,0.5832883715629578
125234,0.639698326587677,0.6063235402107239
118394,0.6180891394615173,0.5643917918205261
63766,0.6169756054878235,0.5919047594070435
163298,0.6253816485404968,0.5945065021514893
163,0.62557053565979,0.6204192638397217
89654,0.6127962470054626,0.589203417301178
152233,0.6255541443824768,0.5855619311332703
145660,0.6217610836029053,0.6257266998291016
73526,0.6251093149185181,0.5770507454872131
173371,0.6440235376358032,0.6571431756019592
90240,0.6091505885124207,0.5967098474502563
183326,0.597719132900238,0.617163896560669
190813,0.6478618383407593,0.6689776182174683
29300,0.6511217951774597,0.6496094465255737
113029,0.6549930572509766,0.6449436545372009
79814,0.6025767922401428,0.5466613173484802
75539,0.6186832785606384,0.5841054320335388
145212,0.6140578985214233,0.5847139358520508
35772,0.6108723878860474,0.5527206063270569
102985,0.6001756191253662,0.5679111480712891
85791,0.6438714861869812,0.6187849044799805
123602,0.608542263507843,0.5460300445556641
162176,0.6192048192024231,0.5745046138763428
82026,0.6367835402488708,0.6154556274414062
60827,0.6279693841934204,0.5875085592269897
152124,0.6388676762580872,0.6224326491355896
71408,0.6328256130218506,0.5894945859909058
178029,0.6191034317016602,0.6254529356956482
121387,0.5988906621932983,0.576731264591217
169581,0.6286709904670715,0.6225154995918274
72683,0.6192153692245483,0.6217349767684937
13352,0.6297581791877747,0.6376296281814575
31753,0.6279946565628052,0.6510509252548218
182577,0.6175362467765808,0.6267164349555969
145145,0.6210975646972656,0.5637781023979187
38846,0.6348531246185303,0.630244791507721
113251,0.6237488389015198,0.607731282711029
197395,0.6148808002471924,0.5987457633018494
27690,0.6293715834617615,0.5861693620681763
140803,0.6335227489471436,0.5836938619613647
81851,0.6279621124267578,0.5921903252601624
71109,0.6317299008369446,0.6073842644691467
204465,0.6393936276435852,0.6305007934570312
205674,0.6108620762825012,0.5804778933525085
22038,0.6299268007278442,0.6337409615516663
3603,0.6233883500099182,0.5881350636482239
181142,0.6187162399291992,0.5936954021453857
86264,0.60286945104599,0.5420578122138977
12765,0.6200162172317505,0.6217113733291626
137028,0.6349846720695496,0.5884459018707275
154700,0.6249482035636902,0.5629600286483765
199969,0.6483669281005859,0.6545116305351257
148190,0.6028433442115784,0.5899032354354858
113768,0.6133739948272705,0.5848814845085144
55909,0.6124078631401062,0.5607901215553284
170102,0.5842916965484619,0.534359335899353
177099,0.6242431402206421,0.6285752058029175
97514,0.6162072420120239,0.5731057524681091
161358,0.6240310072898865,0.5828011631965637
64406,0.6154483556747437,0.5816463828086853
154660,0.6117810606956482,0.5873686671257019
17071,0.6074693202972412,0.5724302530288696
111242,0.6202280521392822,0.5711773633956909
162781,0.5787915587425232,0.5960036516189575
173397,0.6361051201820374,0.6349469423294067
175827,0.6224628686904907,0.6046002507209778
82196,0.6547710299491882,0.6852925419807434
158297,0.6325987577438354,0.59999680519104
193619,0.6001394987106323,0.6168202757835388
53531,0.63668292760849,0.6242090463638306
144916,0.640067458152771,0.6198367476463318
49658,0.6315983533859253,0.6040628552436829
114709,0.6446057558059692,0.6153886318206787
186038,0.6297290325164795,0.5796619653701782
104843,0.6132317781448364,0.5656504034996033
101168,0.5589139461517334,0.5284992456436157
181939,0.6129816174507141,0.591681718826294
190290,0.6171703338623047,0.5701364278793335
99767,0.6325497031211853,0.6178439259529114
97208,0.614503800868988,0.5813760161399841
3769,0.6167682409286499,0.561526358127594
4670,0.6313108801841736,0.638144850730896
17575,0.6019293665885925,0.6111414432525635
20560,0.6198092103004456,0.5942283272743225
108106,0.6012521386146545,0.5990267395973206
4574,0.6232870817184448,0.6076067090034485
1497,0.6438325047492981,0.6197272539138794
89382,0.6330478191375732,0.634280800819397
109390,0.6370402574539185,0.6056426167488098
162973,0.6224655508995056,0.600676417350769
111402,0.6013291478157043,0.5903459787368774
76089,0.6225759983062744,0.5972257256507874
32702,0.6171309351921082,0.5961618423461914
55253,0.6737498044967651,0.6874732375144958
103621,0.6151411533355713,0.563694953918457
146951,0.6109076142311096,0.5785384774208069
90656,0.6254488825798035,0.6049988269805908
118153,0.6327517628669739,0.6077014207839966
31476,0.6008983850479126,0.6070533990859985
73229,0.6331250071525574,0.6162344813346863
20502,0.6188062429428101,0.5944510698318481
191045,0.6203327178955078,0.5959302186965942
109856,0.6320469379425049,0.6083394885063171
72300,0.6260935068130493,0.5802214741706848
102418,0.61455237865448,0.5941662192344666
168330,0.6069361567497253,0.574280321598053
172368,0.6136647462844849,0.57677161693573
203262,0.6161358952522278,0.6005210876464844
146418,0.6195488572120667,0.6165938973426819
127813,0.6159651279449463,0.6048569083213806
8713,0.6149135828018188,0.5793251395225525
4729,0.6127830743789673,0.5738033056259155
41136,0.6268724799156189,0.5978362560272217
191921,0.6469681262969971,0.6553393602371216
191848,0.6397087574005127,0.6260871887207031
159752,0.568199872970581,0.6419588923454285
117664,0.6162979602813721,0.5891563892364502
98286,0.6269190311431885,0.613226592540741
169396,0.6187045574188232,0.602159857749939
131440,0.6379445791244507,0.590503990650177
99221,0.6316224932670593,0.5961862206459045
91281,0.6113032698631287,0.5507384538650513
82572,0.599880576133728,0.5563153624534607
193426,0.5798895359039307,0.5462400913238525
84045,0.5978683829307556,0.5554447770118713
34529,0.6180204749107361,0.5738220810890198
83087,0.6135387420654297,0.5831809639930725
110756,0.5948517322540283,0.6204474568367004
106450,0.6258430480957031,0.5706806182861328
68640,0.6003247499465942,0.5438099503517151
32833,0.5152549147605896,0.5019910335540771
47901,0.6406195163726807,0.6572248339653015
130425,0.616156280040741,0.5764349102973938
179414,0.6085351705551147,0.5783366560935974
180400,0.645486056804657,0.6378639936447144
137403,0.6498875021934509,0.6598703265190125
1124,0.6154935956001282,0.565064549446106
123123,0.6030022501945496,0.5394555926322937
169465,0.5954516530036926,0.5565735697746277
33659,0.6463819146156311,0.6520354151725769
96070,0.6256991028785706,0.6086809039115906
137574,0.6327871680259705,0.6132329106330872
7113,0.608902096748352,0.5831851959228516
12179,0.6202049255371094,0.5744372606277466
62173,0.6317171454429626,0.6200944185256958
111655,0.6251781582832336,0.5909785032272339
137254,0.6220930218696594,0.5684182047843933
11996,0.6211252212524414,0.6066132187843323
146303,0.6446289420127869,0.6492963433265686
24677,0.5992705225944519,0.5878974199295044
124476,0.6403926014900208,0.631959855556488
199181,0.6353933811187744,0.6071327328681946
42549,0.6502107977867126,0.6626408100128174
1997,0.6245748996734619,0.6011828184127808
190741,0.6675857305526733,0.6635885834693909
197004,0.6333898305892944,0.6243358850479126
183958,0.6143251061439514,0.541945219039917
162308,0.6284512281417847,0.5772531628608704
167800,0.6386426687240601,0.6062256693840027
133237,0.6307382583618164,0.6002578735351562
38098,0.6407266855239868,0.6334174871444702
64068,0.597054660320282,0.5557576417922974
167591,0.6105667948722839,0.5922218561172485
184671,0.6261866092681885,0.5978203415870667
131401,0.6021878719329834,0.5744256377220154
135893,0.626437783241272,0.5872741341590881
121950,0.6319646239280701,0.6094383001327515
130245,0.6408326625823975,0.5993268489837646
169816,0.6215265989303589,0.5854332447052002
80999,0.6134375333786011,0.5744208693504333
9538,0.6224239468574524,0.6096774935722351
199734,0.6106699705123901,0.5934913754463196
143781,0.6142600178718567,0.5879804491996765
172957,0.6287702322006226,0.6033581495285034
144946,0.6190275549888611,0.5884212255477905
98576,0.6619818806648254,0.6800770163536072
88221,0.6282908320426941,0.5934112071990967
61270,0.6356475353240967,0.6140809655189514
14237,0.6197900176048279,0.5805870294570923
142303,0.6472622752189636,0.699872612953186
33077,0.6263202428817749,0.5954269170761108
51485,0.6151754260063171,0.5807787179946899
52862,0.626268744468689,0.5893274545669556
152226,0.6104162931442261,0.5793288946151733
42848,0.635767936706543,0.6580111980438232
72987,0.6151838302612305,0.5705562233924866
61726,0.6263684630393982,0.6037870049476624
125871,0.5955145359039307,0.5391986966133118
26007,0.6193366646766663,0.6141864657402039
13251,0.6133055090904236,0.5691953897476196
149320,0.6332396268844604,0.5966616272926331
195212,0.5981045365333557,0.5919020771980286
85604,0.6226341724395752,0.6058489680290222
162166,0.6207177042961121,0.6341238617897034
187707,0.6360544562339783,0.6293997168540955
144059,0.6330967545509338,0.6248226761817932
159359,0.6108648180961609,0.6362402439117432
134400,0.647210955619812,0.6127009987831116
111514,0.5974085927009583,0.5428112745285034
73996,0.6357499361038208,0.637728750705719
174408,0.6608085632324219,0.6827086806297302
118451,0.618223249912262,0.592850387096405
17098,0.6202152967453003,0.6038236618041992
165248,0.6107367277145386,0.5618380308151245
187418,0.6203884482383728,0.5834844708442688
62706,0.6375210285186768,0.5869355797767639
181879,0.6337239742279053,0.5832691788673401
139426,0.640943706035614,0.6277492046356201
106648,0.614436686038971,0.6348509192466736
120503,0.5951184630393982,0.5416859984397888
176544,0.6036564111709595,0.5821350812911987
37608,0.6504564881324768,0.6356965899467468
99770,0.6165146231651306,0.616766095161438
80858,0.6207122206687927,0.5934606194496155
24915,0.6099883913993835,0.5679534673690796
179745,0.6047490239143372,0.5730851888656616
188862,0.597008466720581,0.5709182024002075
205127,0.6546096205711365,0.6796798706054688
141324,0.5238966345787048,0.6315159201622009
125431,0.633838415145874,0.5873739719390869
33208,0.5500099658966064,0.5853718519210815
140718,0.5855037569999695,0.5586788058280945
99868,0.5897683501243591,0.5713904500007629
42500,0.6214866638183594,0.5928112268447876
43214,0.6224325299263,0.571851909160614
181202,0.6187613010406494,0.5613723397254944
106251,0.6371412873268127,0.625375509262085
116172,0.6348719000816345,0.6196157336235046
9650,0.6029482483863831,0.619918704032898
125931,0.6312688589096069,0.6038257479667664
190311,0.6260469555854797,0.6088622212409973
94970,0.6338083744049072,0.5953890681266785
126831,0.6176921725273132,0.5673253536224365
33565,0.5806795954704285,0.5587023496627808
190370,0.6502867937088013,0.6539317965507507
708,0.6253377199172974,0.6574594974517822
31049,0.6373234391212463,0.6223228573799133
16706,0.6042252779006958,0.5552594661712646
176000,0.6414620876312256,0.6701497435569763
130149,0.6201508045196533,0.6083623766899109
80615,0.6308371424674988,0.6120030879974365
49333,0.601771354675293,0.577626645565033
31470,0.617615818977356,0.602515459060669
189179,0.6155898571014404,0.6205399632453918
51942,0.6169712543487549,0.592239260673523
2660,0.621961236000061,0.586598813533783
144831,0.6149147152900696,0.5800701975822449
67555,0.6298393607139587,0.6268110275268555
185237,0.5913140773773193,0.5589715838432312
179625,0.6194223761558533,0.6009981632232666
71680,0.6317469477653503,0.6347300410270691
101540,0.6522738933563232,0.6405220627784729
200295,0.6459171175956726,0.6154696941375732
171821,0.6117197275161743,0.6229795813560486
118024,0.6709897518157959,0.721508264541626
14016,0.640344500541687,0.5921133160591125
143531,0.6416800022125244,0.704929769039154
3780,0.6176935434341431,0.5775400996208191
101434,0.6166120171546936,0.581156849861145
63783,0.5882246494293213,0.5986425876617432
125154,0.6312310695648193,0.6540462970733643
42458,0.6286119222640991,0.6058236956596375
56694,0.603225588798523,0.5841895937919617
49986,0.6350580453872681,0.5984824895858765
80456,0.6192295551300049,0.589155375957489
102069,0.6022624969482422,0.5734930634498596
140001,0.6146519780158997,0.617347776889801
113609,0.6562215685844421,0.6931373476982117
66015,0.6393786072731018,0.6111701130867004
2526,0.6111838221549988,0.5901802182197571
9799,0.6294828057289124,0.5762583613395691
85913,0.6402443051338196,0.6525207757949829
56544,0.619541347026825,0.5791584253311157
93675,0.5985145568847656,0.5884544849395752
51955,0.624411940574646,0.6074920296669006
102316,0.6351904273033142,0.6237667798995972
19865,0.5971764326095581,0.5624969601631165
102337,0.6258498430252075,0.6080659031867981
200957,0.6402047872543335,0.6377500891685486
192992,0.610568642616272,0.5885465741157532
15107,0.6368569135665894,0.6146315336227417
75140,0.591406524181366,0.6367358565330505
168204,0.6081792712211609,0.5831142067909241
38401,0.6029058694839478,0.5651266574859619
13798,0.6091784834861755,0.5777986645698547
121107,0.5976375341415405,0.5462004542350769
194706,0.6116682887077332,0.6162097454071045
57836,0.6442169547080994,0.6177554726600647
113647,0.632133424282074,0.6007712483406067
185667,0.6225939393043518,0.5987207293510437
100530,0.615189790725708,0.5969687700271606
173970,0.6313265562057495,0.6118103265762329
167146,0.6431635618209839,0.6432895064353943
185266,0.644493818283081,0.6383442282676697
80888,0.6034069061279297,0.5907919406890869
161087,0.6214564442634583,0.5722600221633911
25936,0.6227363348007202,0.5969070792198181
176467,0.6351605653762817,0.6178746819496155
26659,0.6415679454803467,0.6254189014434814
28527,0.6286372542381287,0.5860970616340637
19412,0.605210542678833,0.5980086922645569
9358,0.6365083456039429,0.6297153234481812
38620,0.5951212644577026,0.5617271065711975
149821,0.6097384095191956,0.577514111995697
45343,0.629606306552887,0.595624566078186
65617,0.6361503601074219,0.6107810735702515
20992,0.6128303408622742,0.5970934629440308
12622,0.612936794757843,0.5648200511932373
108695,0.6397821307182312,0.6247504949569702
79248,0.6395158171653748,0.6779069900512695
124634,0.6536766290664673,0.617425262928009
83524,0.6203655004501343,0.5691736340522766
67229,0.6331296563148499,0.5800537467002869
105884,0.6514104604721069,0.6784955263137817
137123,0.6143369078636169,0.6364753842353821
192825,0.6101598739624023,0.6037635207176208
15429,0.5664511322975159,0.5736104846000671
195699,0.6166222095489502,0.596871018409729
77400,0.6324892640113831,0.6240965723991394
194108,0.6394554972648621,0.5970866084098816
119655,0.6392013430595398,0.6525096297264099
92798,0.6166346073150635,0.593266487121582
19629,0.6143635511398315,0.5971883535385132
137068,0.6402798891067505,0.6545935273170471
37085,0.6332245469093323,0.5889350175857544
30530,0.6248732805252075,0.5880200266838074
138129,0.6394936442375183,0.6227083206176758
175454,0.6266223192214966,0.5954161286354065
100342,0.6202354431152344,0.5696225762367249
176046,0.6611745953559875,0.6759846210479736
111599,0.6160851716995239,0.5688120722770691
114740,0.5701774954795837,0.5450360774993896
198350,0.6315324306488037,0.6129711866378784
193510,0.6435348987579346,0.6040537357330322
58283,0.6353156566619873,0.6340839862823486
138021,0.6043093204498291,0.5782852172851562
184510,0.6204812526702881,0.5924071669578552
199660,0.6418032050132751,0.6279058456420898
145357,0.594592809677124,0.5607246160507202
59581,0.6695382595062256,0.7045854330062866
85890,0.6242778301239014,0.5945584774017334
51926,0.6322452425956726,0.5889317393302917
123422,0.6125728487968445,0.590092658996582
51093,0.6526308655738831,0.6350862383842468
206039,0.6347683668136597,0.5981766581535339
99667,0.6217584609985352,0.6042924523353577
107315,0.6189237833023071,0.5836413502693176
175096,0.5869806408882141,0.5456233620643616
53306,0.6504021883010864,0.6685115098953247
39536,0.655332624912262,0.6349599957466125
166632,0.6339431405067444,0.6349396109580994
133086,0.6001998782157898,0.5689564943313599
136034,0.6270560622215271,0.5854427814483643
51249,0.6274006366729736,0.5906930565834045
160993,0.6184285283088684,0.5860546231269836
153349,0.6569175720214844,0.6441596150398254
196821,0.5886409282684326,0.6139211058616638
114192,0.6176180243492126,0.5571404099464417
131420,0.6198598146438599,0.5958415269851685
165160,0.6367785334587097,0.6141031980514526
84934,0.6513041257858276,0.6579844355583191
97883,0.645216166973114,0.6223307847976685
74414,0.6263904571533203,0.6005321741104126
86141,0.6335362195968628,0.6201947331428528
127615,0.6339581608772278,0.6500427722930908
95310,0.6336991190910339,0.6102003455162048
692,0.5472268462181091,0.5860777497291565
49659,0.6520730257034302,0.644930899143219
57916,0.6299817562103271,0.5890486836433411
168620,0.5903456211090088,0.5309406518936157
191317,0.6253581643104553,0.5812060236930847
36644,0.6288721561431885,0.596942126750946
14955,0.6201907396316528,0.5977119207382202
923,0.635080099105835,0.6188473105430603
68344,0.6276534795761108,0.576215922832489
189193,0.590161919593811,0.544026792049408
68384,0.6349138021469116,0.619787871837616
152410,0.6111592650413513,0.5739912390708923
135066,0.57248455286026,0.5358442664146423
86864,0.6161680817604065,0.561854362487793
165281,0.6223167181015015,0.5521842241287231
62292,0.6294586658477783,0.6212793588638306
103996,0.6160461902618408,0.5784631371498108
203369,0.6019116044044495,0.573553204536438
71618,0.6203594207763672,0.5871679186820984
77732,0.6572913527488708,0.6625118851661682
25556,0.6729924082756042,0.6897782683372498
549,0.6222216486930847,0.5934016704559326
179348,0.6178509593009949,0.5855119228363037
186675,0.6041346192359924,0.6007273197174072
180334,0.5933734178543091,0.5590220093727112
129978,0.6063547134399414,0.544381856918335
122111,0.5679109692573547,0.5808277130126953
126147,0.5387862920761108,0.5940219759941101
162474,0.6158546805381775,0.5841882824897766
70284,0.5850225687026978,0.559436559677124
134417,0.6371468901634216,0.6210439205169678
16064,0.6365013718605042,0.602685272693634
59439,0.6158314943313599,0.5912379026412964
73594,0.6142433285713196,0.5613428354263306
184387,0.6150046586990356,0.5706542134284973
95696,0.6010898947715759,0.6273172497749329
72739,0.6143258810043335,0.5764833688735962
156203,0.6505290865898132,0.6526020765304565
102924,0.6439430117607117,0.6886941194534302
62266,0.6180086731910706,0.5992856621742249
120422,0.6204296946525574,0.6065179109573364
129880,0.6238381266593933,0.6330190896987915
181960,0.6157459616661072,0.6037570834159851
169063,0.6405599117279053,0.6088705658912659
188197,0.6067968010902405,0.5760902166366577
121430,0.6403710246086121,0.6134546995162964
61752,0.6268269419670105,0.5830709934234619
73269,0.6155508160591125,0.587873101234436
113200,0.569134533405304,0.5466219186782837
100465,0.6061769127845764,0.5644620060920715
13718,0.6236172318458557,0.5708755254745483
117853,0.6350043416023254,0.6150109767913818
129112,0.6253789067268372,0.59820157289505
188679,0.6380723118782043,0.6290784478187561
188878,0.624563455581665,0.6018127202987671
203250,0.6064194440841675,0.5889583826065063
8477,0.6246241927146912,0.6118667125701904
60755,0.6101332306861877,0.628040075302124
88539,0.6020362377166748,0.5898910164833069
117849,0.6200664043426514,0.6203811168670654
195333,0.6629441976547241,0.6697619557380676
1335,0.6580823659896851,0.674456775188446
197253,0.6073325872421265,0.5816178917884827
15089,0.6197338104248047,0.5867983102798462
5178,0.6205586194992065,0.6133868098258972
16789,0.581622838973999,0.55262291431427
205926,0.6211858987808228,0.5908655524253845
204863,0.6077175140380859,0.6032899022102356
141529,0.6123363971710205,0.5755937099456787
125484,0.6210010051727295,0.5829286575317383
127417,0.6076777577400208,0.5679587721824646
166074,0.625583291053772,0.5976679921150208
112473,0.6204460263252258,0.5719783902168274
129392,0.6209036707878113,0.6716156005859375
98539,0.6216233372688293,0.5828322768211365
69653,0.6058895587921143,0.5863547921180725
42562,0.6064366102218628,0.5724887847900391
100552,0.6136258840560913,0.5712149143218994
125335,0.6383997201919556,0.6578595042228699
88560,0.6174161434173584,0.5935375094413757
165773,0.6295015215873718,0.6219743490219116
119811,0.6471261382102966,0.6232374906539917
186902,0.6181336641311646,0.5721684098243713
171366,0.6315458416938782,0.6356999278068542
134836,0.6030465960502625,0.5892050266265869
133389,0.6504738926887512,0.6825716495513916
179843,0.6155681014060974,0.5919063091278076
170980,0.6463305354118347,0.6267967224121094
108028,0.613614022731781,0.5832284092903137
142533,0.6154941916465759,0.5917896628379822
86857,0.6038395762443542,0.5963197350502014
68723,0.6390768885612488,0.6269730925559998
6166,0.6264830231666565,0.6119570136070251
33459,0.6185959577560425,0.6051668524742126
200419,0.6077848076820374,0.5575962662696838
14098,0.6271095871925354,0.6023117899894714
48,0.6064313650131226,0.5713436603546143
123184,0.6335702538490295,0.6123691201210022
203582,0.5857740044593811,0.5603834390640259
13832,0.6518555879592896,0.6592827439308167
55652,0.6324828267097473,0.6347070336341858
183594,0.6364999413490295,0.6203749179840088
126828,0.600519061088562,0.5683456659317017
88067,0.6018529534339905,0.576779305934906
19393,0.5977914929389954,0.5926328301429749
164814,0.6030687093734741,0.5673696398735046
85535,0.6338388919830322,0.6498146057128906
37720,0.6417952179908752,0.6385802626609802
133932,0.6444272994995117,0.672142744064331
145037,0.6344623565673828,0.6253464818000793
34286,0.6510116457939148,0.638039767742157
140481,0.6311615705490112,0.6186203360557556
195422,0.5959604382514954,0.5614707469940186
116893,0.6298498511314392,0.628653347492218
81533,0.6259347796440125,0.5994285345077515
51376,0.6181128621101379,0.5818741321563721
140922,0.6279775500297546,0.6634504795074463
1871,0.6066606640815735,0.614964485168457
167547,0.6552432775497437,0.6781033277511597
15941,0.6347686052322388,0.5956922173500061
80431,0.609703004360199,0.5480367541313171
172687,0.6067637801170349,0.5582009553909302
5056,0.6209694743156433,0.5947502255439758
84124,0.6278883814811707,0.5916076302528381
203103,0.6222013831138611,0.5773326754570007
177998,0.6210706233978271,0.5877886414527893
82613,0.5873554348945618,0.5890695452690125
139885,0.6324763894081116,0.606003999710083
131806,0.6103463768959045,0.5760135650634766
23917,0.6355879902839661,0.635232150554657
24927,0.6287350058555603,0.5853403210639954
55099,0.6104779839515686,0.6185358166694641
143160,0.6456088423728943,0.6418249607086182
95007,0.6367520093917847,0.6226457953453064
38311,0.6290737390518188,0.6179648637771606
79922,0.6263396143913269,0.5834391713142395
49153,0.6258976459503174,0.5716014504432678
188470,0.6447157263755798,0.6367405652999878
183604,0.6060459017753601,0.5620244145393372
141156,0.6058157682418823,0.5559763312339783
64946,0.6331586241722107,0.6111516952514648
127735,0.6275025606155396,0.6200678944587708
12392,0.6185711026191711,0.5825044512748718
70506,0.628924548625946,0.5991480946540833
100964,0.6371098756790161,0.6223917603492737
41885,0.6710724234580994,0.6863788962364197
175317,0.619481086730957,0.6320518255233765
79204,0.6228310465812683,0.6203334927558899
52851,0.6044321060180664,0.5672019720077515
45217,0.6427246332168579,0.5984461307525635
193967,0.6046639084815979,0.5700598359107971
65635,0.6199511885643005,0.572513997554779
91498,0.6026304364204407,0.5770710110664368
16147,0.5965083837509155,0.5673953890800476
170805,0.6277804970741272,0.5731122493743896
203300,0.6211937069892883,0.5909512042999268
98871,0.6223894357681274,0.5545540452003479
74097,0.6335455775260925,0.6345370411872864
104308,0.6208528280258179,0.6015958786010742
173751,0.6136329174041748,0.5778846144676208
45114,0.6248985528945923,0.5780298709869385
124892,0.6276884078979492,0.5959206223487854
140696,0.627480685710907,0.5973176956176758
88720,0.6117997765541077,0.5597311854362488
156407,0.6178072690963745,0.599260151386261
16186,0.6261624097824097,0.6081864833831787
188100,0.6119799017906189,0.5896041989326477
108159,0.6314609050750732,0.6347312927246094
30108,0.6258078813552856,0.6552549004554749
96127,0.6382120847702026,0.6405952572822571
117062,0.6486436724662781,0.6763231754302979
171500,0.6274137496948242,0.5921249389648438
75498,0.6136296391487122,0.559280276298523
76550,0.6255354285240173,0.6107418537139893
172684,0.6310724020004272,0.60636305809021
102475,0.6458938717842102,0.6554378867149353
206157,0.6048955321311951,0.5785654187202454
197881,0.631920576095581,0.5973463654518127
61477,0.6609013676643372,0.6600841283798218
106995,0.6491454839706421,0.6342889666557312
17217,0.619725227355957,0.592662513256073
157020,0.6219264268875122,0.6023751497268677
55811,0.6181820631027222,0.5780691504478455
23558,0.646598219871521,0.6009488701820374
127152,0.6497501134872437,0.6851001381874084
194838,0.603830099105835,0.5718534588813782
25587,0.6103457808494568,0.5992801189422607
141944,0.6225174069404602,0.6189761757850647
105029,0.6093257665634155,0.5798471570014954
187446,0.6177568435668945,0.575719952583313
94068,0.6323445439338684,0.5921862125396729
187122,0.6252375245094299,0.6058989763259888
96642,0.6306502819061279,0.6226124167442322
79797,0.631750226020813,0.6125001311302185
196985,0.6138569116592407,0.6220751404762268
120243,0.6599618196487427,0.6483196020126343
116199,0.6311595439910889,0.6044301390647888
112155,0.5583721995353699,0.5335651636123657
53295,0.620833694934845,0.567964494228363
201126,0.6467121839523315,0.6272147297859192
177609,0.6489061713218689,0.6149219274520874
131817,0.5554503202438354,0.5743443369865417
98220,0.6201168298721313,0.6393612623214722
75344,0.6468740701675415,0.6552809476852417
33533,0.6151168942451477,0.576839804649353
205227,0.643777072429657,0.6224792003631592
119766,0.6232681274414062,0.6158062219619751
112475,0.6182335615158081,0.5910486578941345
192766,0.6021131873130798,0.5853313207626343
141537,0.6205515265464783,0.5868410468101501
201471,0.6383182406425476,0.6100744009017944
181621,0.6118859052658081,0.598556637763977
193612,0.6101168394088745,0.5703691840171814
43311,0.6312865018844604,0.6334489583969116
66392,0.6252546906471252,0.5914708375930786
138301,0.6189025640487671,0.6498598456382751
134097,0.6192211508750916,0.6035987138748169
183911,0.6109818816184998,0.5747336149215698
165180,0.6207855343818665,0.5755069255828857
14878,0.6248914003372192,0.6281337738037109
93017,0.6369850635528564,0.6580116748809814
91055,0.6077072620391846,0.5538467764854431
144028,0.6263459324836731,0.6027393341064453
202935,0.5759041905403137,0.5566367506980896
5142,0.610429584980011,0.56178879737854
118319,0.6430543065071106,0.6562293171882629
86370,0.6264532208442688,0.6222454905509949
9000,0.619494616985321,0.5650303959846497
133651,0.5836297273635864,0.6131066083908081
41823,0.6222735047340393,0.5829964876174927
48281,0.6336981654167175,0.5937593579292297
175657,0.6407727003097534,0.6061961650848389
190131,0.634860098361969,0.6894245147705078
95042,0.6431196331977844,0.6220906972885132
41355,0.636037290096283,0.5913751125335693
171367,0.6157046556472778,0.6028154492378235
185609,0.6311085820198059,0.6150890588760376
5075,0.6396331191062927,0.6226617693901062
66364,0.6293208003044128,0.6088076233863831
50361,0.6147500872612,0.5859763026237488
184748,0.6223723292350769,0.5759698152542114
200447,0.5967795252799988,0.5746678709983826
68454,0.6527948379516602,0.6193756461143494
73387,0.6426753401756287,0.6369497776031494
169131,0.6384251117706299,0.6551721096038818
155690,0.6494380235671997,0.6323291063308716
43429,0.62852942943573,0.620412290096283
199582,0.6347123384475708,0.5841638445854187
1418,0.617518424987793,0.5946700572967529
23455,0.6033889055252075,0.5778223276138306
130505,0.6409953236579895,0.6594589948654175
129257,0.6476629972457886,0.6944901943206787
163529,0.6240933537483215,0.5845586061477661
105274,0.6101369857788086,0.5800143480300903
96880,0.606682538986206,0.561191201210022
81844,0.6308996677398682,0.6222265362739563
5037,0.6083917617797852,0.5409538745880127
173720,0.6355153918266296,0.6002007126808167
203026,0.6321805119514465,0.5993887186050415
199614,0.6253109574317932,0.5913772583007812
191417,0.6555714011192322,0.6158634424209595
11636,0.6281439065933228,0.6249601244926453
178151,0.6300657987594604,0.6032998561859131
18345,0.6269862651824951,0.6163061857223511
12499,0.6528612375259399,0.6361180543899536
34385,0.618830144405365,0.6096401214599609
118873,0.6033610701560974,0.561515212059021
132015,0.6130481362342834,0.5559216141700745
50403,0.6200171709060669,0.6118722558021545
201941,0.6175031065940857,0.6176106929779053
69824,0.6256061792373657,0.5961437821388245
60409,0.6546648144721985,0.6912128329277039
191149,0.6017908453941345,0.576079785823822
147872,0.5985384583473206,0.5505064129829407
108020,0.6140962243080139,0.5672580003738403
138228,0.6145592927932739,0.580120325088501
84457,0.6018620133399963,0.6307628750801086
201839,0.6270497441291809,0.6127514243125916
61994,0.6193742156028748,0.5636003613471985
93620,0.6139556169509888,0.5888192057609558
62480,0.6123930215835571,0.570824384689331
118389,0.6255457401275635,0.6269200444221497
94301,0.6228188872337341,0.5849859714508057
99114,0.6626589298248291,0.6476418972015381
43080,0.6172056198120117,0.5735616683959961
91135,0.6095555424690247,0.59308922290802
195655,0.64769446849823,0.6689128875732422
100995,0.6081299185752869,0.5973241925239563
183671,0.6262220144271851,0.5803471803665161
86752,0.5947586894035339,0.5694186091423035
166907,0.6339439749717712,0.6171053647994995
126912,0.6174954771995544,0.58852618932724
96527,0.6231337189674377,0.601888120174408
49798,0.6325809359550476,0.5903794169425964
140775,0.6361563205718994,0.5944370031356812
10411,0.606013834476471,0.6642348170280457
145737,0.6184616684913635,0.6540471315383911
203788,0.6413358449935913,0.622989296913147
31635,0.6156497597694397,0.5825896859169006
151895,0.6419681906700134,0.6429538130760193
123876,0.6438354849815369,0.6923106908798218
47011,0.6294360756874084,0.6199730038642883
91503,0.6546485424041748,0.6804623007774353
18506,0.6507227420806885,0.6453184485435486
152520,0.6242150664329529,0.5964525938034058
48397,0.5967915654182434,0.5520912408828735
17048,0.5520338416099548,0.5121377110481262
154981,0.6124370098114014,0.5849551558494568
142172,0.612850546836853,0.5701009631156921
46089,0.5601790547370911,0.5736234188079834
151525,0.5913680791854858,0.5313705801963806
127984,0.6312744617462158,0.5989096164703369
113068,0.6210183501243591,0.5929011702537537
10382,0.6318343877792358,0.619218647480011
94722,0.6249235272407532,0.6292251348495483
50542,0.6076673269271851,0.5870773196220398
50892,0.633054792881012,0.6123603582382202
63088,0.6068477630615234,0.6618812084197998
45425,0.6204862594604492,0.5648337602615356
28183,0.6358121037483215,0.6141077876091003
59076,0.6197423934936523,0.5774847269058228
35311,0.6111341118812561,0.5686596632003784
192888,0.6440218687057495,0.6240468621253967
25438,0.6058799028396606,0.5644052624702454
112601,0.5914955139160156,0.6046435832977295
93573,0.6056377291679382,0.5699397921562195
42966,0.6326969861984253,0.5831927061080933
32955,0.6249373555183411,0.5654169917106628
144549,0.6499760746955872,0.6388526558876038
180697,0.6069662570953369,0.560943067073822
188663,0.6290702819824219,0.6337563395500183
31579,0.6090871691703796,0.581987738609314
132490,0.5967142581939697,0.5486988425254822
20929,0.6041421890258789,0.5788966417312622
28342,0.6154771447181702,0.5832431316375732
130222,0.6415841579437256,0.6187676787376404
201871,0.6540574431419373,0.6158856749534607
155212,0.6269412636756897,0.5735921263694763
119980,0.6114770174026489,0.5672256946563721
137394,0.6647093892097473,0.6795608997344971
174567,0.659705400466919,0.6342002153396606
38824,0.6333463191986084,0.6024097800254822
144526,0.5450438261032104,0.5430659055709839
52874,0.6258923411369324,0.6100210547447205
200618,0.6054357886314392,0.5600335597991943
80838,0.6564663052558899,0.6379222869873047
181339,0.6311684846878052,0.603156328201294
169293,0.6314547657966614,0.6044281721115112
129826,0.640052855014801,0.6142550706863403
112961,0.6161543726921082,0.5873550176620483
181378,0.6273612380027771,0.5980919599533081
8690,0.6271868348121643,0.6099328994750977
172372,0.6288952231407166,0.5914286375045776
73708,0.6210768818855286,0.5666088461875916
87373,0.617205798625946,0.6138284802436829
22855,0.6127362847328186,0.5632205605506897
84551,0.6460728049278259,0.6598223447799683
